Fiscal Year,County,Adult Disabled 18-64: Population,Adult Disabled 18-64: % of Population,65 and older: Population,65 and older: % of Population,Total Population
2021,Anderson,5215,9,9138,16,58162
2021,Andrews,1131,5,2253,10,23290
2021,Angelina,8401,9,15150,17,90739
2021,Aransas,2243,8,7843,28,28232
2021,Archer,529,6,1770,21,8303
2021,Armstrong,71,4,587,30,1946
2021,Atascosa,2934,6,8111,15,52646
2021,Austin,2118,7,6516,21,30609
2021,Bailey,460,6,1126,15,7749
2021,Bandera,2026,10,6338,30,21318
2021,Bastrop,6027,7,15121,17,87351
2021,Baylor,267,7,898,25,3620
2021,Bee,3251,9,4468,13,34694
2021,Bell,30735,9,38752,11,357856
2021,Bexar,168269,8,273788,13,2133664
2021,Blanco,759,7,3295,28,11609
2021,Borden,63,9,220,32,692
2021,Bosque,1154,7,4658,26,17729
2021,Bowie,5885,6,16868,18,92534
2021,Brazoria,17692,5,51114,13,382793
2021,Brazos,10488,4,22891,10,233503
2021,Brewster,807,9,1989,22,9100
2021,Briscoe,75,5,451,29,1563
2021,Brooks,665,9,1484,21,7160
2021,Brown,3102,8,8722,22,38962
2021,Burleson,1198,7,3996,22,17782
2021,Burnet,4058,8,11506,24,48769
2021,Caldwell,3202,7,7157,16,44960
2021,Calhoun,2040,9,4223,18,22948
2021,Callahan,1172,9,3157,23,13465
2021,Cameron,22736,5,62948,15,429514
2021,Camp,1061,8,2553,19,13411
2021,Carson,271,5,1082,19,5787
2021,Cass,2525,8,7443,25,30269
2021,Castro,285,4,1256,18,7024
2021,Chambers,2146,5,5780,13,43243
2021,Cherokee,3161,6,9365,18,52263
2021,Childress,519,7,1221,17,7053
2021,Clay,777,8,2403,25,9693
2021,Cochran,226,7,612,18,3371
2021,Coke,178,6,899,28,3205
2021,Coleman,516,6,2157,26,8443
2021,Collin,34676,3,131278,12,1069017
2021,Collingsworth,230,7,685,21,3227
2021,Colorado,1172,5,4927,23,21318
2021,Comal,10765,7,29374,19,152183
2021,Comanche,820,6,3319,26,12980
2021,Concho,222,5,847,20,4149
2021,Cooke,2477,6,8164,20,39847
2021,Coryell,9231,12,7340,9,78703
2021,Cottle,139,9,450,30,1507
2021,Crane,232,4,899,14,6434
2021,Crockett,213,5,903,22,4071
2021,Crosby,623,10,1466,23,6509
2021,Culberson,294,13,571,26,2229
2021,Dallam,538,7,703,10,7301
2021,Dallas,135717,5,310440,11,2771223
2021,Dawson,1555,11,2054,15,13567
2021,Deaf Smith,876,5,2358,13,18043
2021,Delta,418,8,1380,26,5370
2021,Denton,39380,4,105630,11,925643
2021,DeWitt,1781,8,4589,21,21907
2021,Dickens,214,10,591,28,2149
2021,Dimmit,1495,12,1840,15,11974
2021,Donley,137,4,876,26,3386
2021,Duval,1433,12,2267,19,11771
2021,Eastland,1844,10,4258,23,18149
2021,Ector,11039,6,19134,10,190713
2021,Edwards,217,11,612,31,1979
2021,Ellis,10733,6,26556,15,180752
2021,El Paso,59175,7,120770,14,883160
2021,Erath,2453,6,6437,15,41950
2021,Falls,1948,12,3260,20,16493
2021,Fannin,2597,7,7569,22,34671
2021,Fayette,1604,6,6884,26,26272
2021,Fisher,244,6,1064,27,3980
2021,Floyd,281,5,1287,22,5743
2021,Foard,75,6,352,28,1238
2021,Fort Bend,29899,3,114245,13,871351
2021,Franklin,806,7,2221,20,10954
2021,Freestone,1995,10,4038,20,19865
2021,Frio,1813,9,2760,14,20327
2021,Gaines,1407,6,2446,11,22628
2021,Galveston,23597,7,55792,15,362099
2021,Garza,652,10,812,12,6820
2021,Gillespie,1228,5,7882,30,26361
2021,Glasscock,11,1,311,23,1380
2021,Goliad,476,6,2076,27,7768
2021,Gonzales,1669,8,3941,18,21488
2021,Gray,2153,9,3822,16,24456
2021,Grayson,11036,8,25679,19,132740
2021,Gregg,9013,7,20416,16,126034
2021,Grimes,1949,7,5855,20,29128
2021,Guadalupe,11090,6,26026,15,174869
2021,Hale,1758,5,4790,15,32901
2021,Hall,199,6,834,25,3303
2021,Hamilton,777,9,2009,24,8210
2021,Hansford,338,6,1003,17,5855
2021,Hardeman,477,12,791,21,3854
2021,Hardin,4882,9,10632,19,56626
2021,Harris,246026,5,553323,11,5071573
2021,Harrison,4383,6,12077,18,68492
2021,Hartley,311,5,947,16,6082
2021,Haskell,807,13,1387,22,6237
2021,Hays,11793,5,33403,14,244221
2021,Hemphill,378,8,657,14,4761
2021,Henderson,6967,9,19050,23,81369
2021,Hidalgo,55379,6,105784,12,879547
2021,Hill,2830,8,7909,22,35678
2021,Hockley,1756,7,3934,16,24799
2021,Hood,2584,4,15808,27,59402
2021,Hopkins,2602,7,7770,21,37194
2021,Houston,1935,9,4958,22,22531
2021,Howard,3976,9,5245,13,41941
2021,Hudspeth,457,13,816,24,3403
2021,Hunt,7777,8,17197,18,96303
2021,Hutchinson,2069,10,3716,17,21424
2021,Irion,74,5,406,27,1509
2021,Jack,851,10,1558,18,8830
2021,Jackson,1398,9,3017,19,16099
2021,Jasper,2472,7,7424,21,35456
2021,Jeff Davis,112,5,757,36,2092
2021,Jefferson,19430,7,39344,15,259249
2021,Jim Hogg,404,8,895,18,5053
2021,Jim Wells,3159,7,7047,16,43074
2021,Johnson,8724,5,27809,16,173888
2021,Jones,2310,12,3192,16,19702
2021,Karnes,909,6,2550,16,15466
2021,Kaufman,8788,7,18986,15,127644
2021,Kendall,2522,5,10233,21,47967
2021,Kenedy,27,6,124,26,483
2021,Kent,114,14,255,32,798
2021,Kerr,4013,8,14517,28,52544
2021,Kimble,303,7,1316,31,4309
2021,King,34,11,81,26,313
2021,Kinney,450,13,858,25,3458
2021,Kleberg,2128,7,4585,15,30910
2021,Knox,331,8,900,23,3960
2021,Lamar,4400,9,10627,21,50009
2021,Lamb,925,7,2528,20,12672
2021,Lampasas,2393,11,4698,22,21193
2021,La Salle,827,10,1386,16,8479
2021,Lavaca,1111,5,4631,22,20958
2021,Lee,877,5,3604,20,17691
2021,Leon,1619,9,4371,25,17805
2021,Liberty,7490,9,13667,16,86326
2021,Limestone,1880,8,4908,21,23559
2021,Lipscomb,220,6,747,20,3694
2021,Live Oak,1228,10,2652,22,12081
2021,Llano,1941,10,6791,35,19481
2021,Loving,11,12,37,40,93
2021,Lubbock,22997,7,44436,14,321818
2021,Lynn,675,12,1038,19,5562
2021,Madison,1121,8,2357,16,14636
2021,Marion,878,9,2651,26,10255
2021,Martin,227,4,970,16,6195
2021,Mason,179,5,1203,31,3900
2021,Matagorda,2634,7,6734,18,37055
2021,Maverick,4326,7,8269,14,60484
2021,McCulloch,737,8,2195,25,8700
2021,McLennan,16581,7,39227,15,254824
2021,McMullen,55,7,301,38,787
2021,Medina,4267,8,9080,18,51121
2021,Menard,215,10,731,33,2185
2021,Midland,10112,5,18663,10,193981
2021,Milam,2100,9,5617,23,24634
2021,Mills,410,8,1415,29,4863
2021,Mitchell,650,7,1762,18,9895
2021,Montague,1967,10,4484,23,19154
2021,Montgomery,30139,5,92118,15,632702
2021,Moore,881,4,2666,12,21543
2021,Morris,1161,9,3028,24,12393
2021,Motley,53,5,405,35,1165
2021,Nacogdoches,6062,9,10807,17,64181
2021,Navarro,4123,9,9298,19,47962
2021,Newton,1326,10,2852,21,13654
2021,Nolan,1436,9,2951,19,15689
2021,Nueces,26070,7,57203,15,388438
2021,Ochiltree,604,5,1395,12,11431
2021,Oldham,63,3,467,21,2210
2021,Orange,7015,8,16237,19,86539
2021,Palo Pinto,2460,9,5885,21,27815
2021,Panola,1839,7,4947,20,24647
2021,Parker,7850,6,25748,19,137707
2021,Parmer,554,6,1400,15,9097
2021,Pecos,848,5,2367,14,16598
2021,Polk,5496,11,10352,21,49480
2021,Potter,7757,6,18233,15,122765
2021,Presidio,447,8,1352,23,5758
2021,Rains,940,8,2857,25,11425
2021,Randall,7658,5,22818,16,140273
2021,Reagan,119,3,649,15,4326
2021,Real,283,8,1138,33,3415
2021,Red River,1023,8,3201,25,12565
2021,Reeves,886,6,2118,13,15931
2021,Refugio,620,8,1861,25,7589
2021,Roberts,68,7,256,26,991
2021,Robertson,1299,8,3465,20,16924
2021,Rockwall,4006,4,15512,15,104969
2021,Runnels,793,7,2606,24,11072
2021,Rusk,3606,7,9510,18,52713
2021,Sabine,1234,13,3007,31,9840
2021,San Augustine,951,11,2330,28,8365
2021,San Jacinto,3092,11,6586,23,29085
2021,San Patricio,5138,7,11823,16,72040
2021,San Saba,372,6,1479,25,5856
2021,Schleicher,145,4,684,21,3325
2021,Scurry,1218,7,2797,15,18541
2021,Shackelford,339,10,732,21,3414
2021,Shelby,2092,8,4645,18,25537
2021,Sherman,246,7,600,18,3299
2021,Smith,15882,7,41357,17,237577
2021,Somervell,500,5,2125,23,9388
2021,Starr,5464,8,8375,13,65010
2021,Stephens,896,9,2031,21,9570
2021,Sterling,99,8,326,26,1257
2021,Stonewall,129,8,482,32,1524
2021,Sutton,128,3,950,22,4406
2021,Swisher,524,7,1500,20,7365
2021,Tarrant,119131,5,275973,13,2178720
2021,Taylor,10565,8,21645,15,140207
2021,Terrell,40,4,342,32,1057
2021,Terry,905,7,2051,16,13096
2021,Throckmorton,127,8,419,28,1513
2021,Titus,1943,6,5311,16,32989
2021,Tom Green,8155,7,20091,16,124765
2021,Travis,60827,5,138844,11,1317306
2021,Trinity,1823,13,3976,28,14183
2021,Tyler,2454,12,4874,23,21313
2021,Upshur,3785,9,8366,20,41899
2021,Upton,153,4,797,20,4056
2021,Uvalde,2058,7,4682,17,28166
2021,Val Verde,3588,7,7353,15,48180
2021,Van Zandt,4738,8,12424,22,55778
2021,Victoria,6869,7,15996,16,98869
2021,Walker,2915,4,10537,14,74751
2021,Waller,3454,7,7343,14,51529
2021,Ward,785,6,1931,14,13986
2021,Washington,2069,6,7822,22,35306
2021,Webb,16516,6,29007,10,278650
2021,Wharton,2875,7,7890,19,41999
2021,Wheeler,359,6,1329,23,5813
2021,Wichita,12019,9,22532,17,133234
2021,Wilbarger,1417,11,2720,21,12973
2021,Willacy,1943,9,3242,15,22115
2021,Williamson,32975,5,81282,13,609818
2021,Wilson,3411,6,9746,18,52777
2021,Winkler,509,5,1133,12,9569
2021,Wise,6056,9,11884,18,66500
2021,Wood,4100,9,12788,28,45611
2021,Yoakum,368,4,1283,14,9404
2021,Young,1183,6,4269,23,18730
2021,Zapata,1218,8,1970,14,14418
2021,Zavala,1423,11,1774,14,12780
2021,Unknown,,,,,
2021,Out of State,,,,,
2021,None Specified,,,,,
2020,Anderson,5225,9,9007,15,58199
2020,Andrews,1082,5,2185,10,22269
2020,Angelina,8407,9,14825,16,90437
2020,Aransas,2217,8,7656,28,27699
2020,Archer,535,6,1746,21,8344
2020,Armstrong,72,4,578,30,1948
2020,Atascosa,2893,6,7929,15,51831
2020,Austin,2122,7,6276,21,30402
2020,Bailey,456,6,1107,14,7692
2020,Bandera,2052,10,6103,29,21246
2020,Bastrop,5979,7,14474,17,86105
2020,Baylor,271,7,882,24,3624
2020,Bee,3241,9,4372,13,34445
2020,Bell,30469,9,37497,11,353629
2020,Bexar,165530,8,263330,13,2093502
2020,Blanco,760,7,3189,28,11504
2020,Borden,64,9,211,31,685
2020,Bosque,1169,7,4580,26,17765
2020,Bowie,5908,6,16517,18,92570
2020,Brazoria,17406,5,48738,13,375869
2020,Brazos,10338,5,21895,10,229410
2020,Brewster,816,9,1971,22,9133
2020,Briscoe,75,5,447,29,1568
2020,Brooks,671,9,1475,21,7175
2020,Brown,3106,8,8570,22,38923
2020,Burleson,1208,7,3895,22,17718
2020,Burnet,4045,8,11160,23,48196
2020,Caldwell,3176,7,6851,15,44284
2020,Calhoun,2036,9,4144,18,22840
2020,Callahan,1175,9,3104,23,13456
2020,Cameron,22678,5,61138,14,427881
2020,Camp,1056,8,2523,19,13322
2020,Carson,272,5,1071,18,5799
2020,Cass,2552,8,7312,24,30327
2020,Castro,289,4,1255,18,7103
2020,Chambers,2108,5,5528,13,42320
2020,Cherokee,3159,6,9250,18,52178
2020,Childress,522,7,1202,17,7062
2020,Clay,792,8,2359,24,9787
2020,Cochran,225,7,585,17,3348
2020,Coke,178,6,907,28,3215
2020,Coleman,522,6,2138,25,8478
2020,Collin,33731,3,123011,12,1039369
2020,Collingsworth,233,7,659,21,3210
2020,Colorado,1176,6,4862,23,21273
2020,Comal,10457,7,28113,19,147330
2020,Comanche,836,6,3266,25,13075
2020,Concho,223,5,823,20,4147
2020,Cooke,2482,6,7971,20,39727
2020,Coryell,9139,12,7224,9,78317
2020,Cottle,138,9,452,30,1510
2020,Crane,226,4,848,14,6209
2020,Crockett,214,5,860,21,4040
2020,Crosby,626,10,1411,22,6464
2020,Culberson,298,13,558,25,2245
2020,Dallam,533,7,704,10,7237
2020,Dallas,134352,5,298395,11,2734111
2020,Dawson,1556,11,2066,15,13592
2020,Deaf Smith,882,5,2329,13,18143
2020,Delta,423,8,1335,25,5367
2020,Denton,38216,4,98506,11,897953
2020,DeWitt,1770,8,4525,21,21737
2020,Dickens,219,10,578,27,2174
2020,Dimmit,1472,13,1813,15,11743
2020,Donley,139,4,860,25,3410
2020,Duval,1439,12,2263,19,11796
2020,Eastland,1853,10,4204,23,18205
2020,Ector,10680,6,18458,10,184841
2020,Edwards,219,11,606,30,1991
2020,Ellis,10595,6,25258,14,177721
2020,El Paso,59001,7,116415,13,876120
2020,Erath,2430,6,6281,15,41526
2020,Falls,1969,12,3226,19,16603
2020,Fannin,2611,8,7372,21,34597
2020,Fayette,1611,6,6713,26,26086
2020,Fisher,248,6,1041,26,3985
2020,Floyd,283,5,1281,22,5786
2020,Foard,76,6,350,28,1240
2020,Fort Bend,28970,3,105137,13,840383
2020,Franklin,810,7,2209,20,10924
2020,Freestone,2006,10,3975,20,19860
2020,Frio,1789,9,2703,13,20023
2020,Gaines,1374,6,2362,11,22121
2020,Galveston,23275,7,53327,15,355196
2020,Garza,649,10,798,12,6784
2020,Gillespie,1226,5,7787,30,26191
2020,Glasscock,11,1,304,22,1365
2020,Goliad,475,6,2044,26,7717
2020,Gonzales,1663,8,3851,18,21347
2020,Gray,2136,9,3785,16,24252
2020,Grayson,11043,8,24864,19,131710
2020,Gregg,9029,7,19943,16,125730
2020,Grimes,1955,7,5641,19,28930
2020,Guadalupe,10834,6,24811,15,170266
2020,Hale,1782,5,4719,14,33202
2020,Hall,201,6,820,25,3305
2020,Hamilton,778,9,2033,25,8220
2020,Hansford,338,6,974,17,5820
2020,Hardeman,484,13,780,20,3870
2020,Hardin,4897,9,10277,18,56486
2020,Harris,242196,5,528970,11,4978845
2020,Harrison,4398,6,11789,17,68247
2020,Hartley,310,5,934,15,6067
2020,Haskell,803,13,1374,22,6197
2020,Hays,11394,5,31000,13,234896
2020,Hemphill,365,8,651,14,4644
2020,Henderson,6976,9,18768,23,81179
2020,Hidalgo,54711,6,102326,12,870366
2020,Hill,2844,8,7833,22,35673
2020,Hockley,1755,7,3811,15,24636
2020,Hood,2572,4,15325,26,58643
2020,Hopkins,2612,7,7536,20,37040
2020,Houston,1957,9,4920,22,22620
2020,Howard,3917,9,5166,13,41236
2020,Hudspeth,463,14,777,23,3400
2020,Hunt,7743,8,16695,18,95324
2020,Hutchinson,2077,10,3678,17,21461
2020,Irion,74,5,396,26,1508
2020,Jack,860,10,1535,17,8841
2020,Jackson,1390,9,2940,18,15899
2020,Jasper,2488,7,7331,21,35525
2020,Jeff Davis,115,5,756,36,2113
2020,Jefferson,19485,8,38501,15,258678
2020,Jim Hogg,406,8,899,18,5077
2020,Jim Wells,3162,7,6933,16,42890
2020,Johnson,8670,5,26724,16,171701
2020,Jones,2316,12,3160,16,19735
2020,Karnes,910,6,2507,16,15393
2020,Kaufman,8644,7,18131,14,125134
2020,Kendall,2439,5,9830,21,46278
2020,Kenedy,27,6,115,24,476
2020,Kent,115,14,251,32,795
2020,Kerr,4017,8,14310,27,52267
2020,Kimble,308,7,1316,30,4344
2020,King,35,11,72,23,309
2020,Kinney,451,13,857,25,3462
2020,Kleberg,2132,7,4508,15,30987
2020,Knox,331,8,882,22,3937
2020,Lamar,4427,9,10411,21,50014
2020,Lamb,939,7,2482,19,12776
2020,Lampasas,2391,11,4540,22,21037
2020,La Salle,810,10,1366,16,8309
2020,Lavaca,1103,5,4587,22,20735
2020,Lee,882,5,3490,20,17595
2020,Leon,1620,9,4334,24,17707
2020,Liberty,7457,9,13170,15,85284
2020,Limestone,1898,8,4766,20,23544
2020,Lipscomb,220,6,728,20,3651
2020,Live Oak,1232,10,2629,22,12030
2020,Llano,1956,10,6739,35,19452
2020,Loving,11,12,35,38,92
2020,Lubbock,22749,7,43043,14,317210
2020,Lynn,677,12,1031,18,5588
2020,Madison,1120,8,2334,16,14527
2020,Marion,887,9,2640,26,10294
2020,Martin,222,4,936,15,6044
2020,Mason,180,5,1198,31,3899
2020,Matagorda,2645,7,6610,18,37064
2020,Maverick,4291,7,8069,13,59938
2020,McCulloch,742,9,2143,25,8660
2020,McLennan,16544,7,38133,15,253066
2020,McMullen,59,8,280,36,783
2020,Medina,4232,8,8790,17,50594
2020,Menard,219,10,717,33,2188
2020,Midland,9780,5,18060,10,187364
2020,Milam,2123,9,5473,22,24635
2020,Mills,419,9,1387,28,4870
2020,Mitchell,652,7,1739,18,9865
2020,Montague,1985,10,4449,23,19199
2020,Montgomery,29339,5,87049,14,613951
2020,Moore,884,4,2596,12,21575
2020,Morris,1180,9,2964,24,12448
2020,Motley,54,5,399,34,1172
2020,Nacogdoches,6082,9,10547,16,64106
2020,Navarro,4149,9,9052,19,47985
2020,Newton,1337,10,2830,21,13724
2020,Nolan,1437,9,2905,19,15642
2020,Nueces,25882,7,55377,14,383718
2020,Ochiltree,598,5,1344,12,11309
2020,Oldham,62,3,453,21,2200
2020,Orange,7021,8,15816,18,86155
2020,Palo Pinto,2485,9,5727,21,27859
2020,Panola,1841,7,4851,20,24576
2020,Parker,7790,6,24652,18,135621
2020,Parmer,562,6,1378,15,9200
2020,Pecos,851,5,2310,14,16533
2020,Polk,5493,11,10046,20,49080
2020,Potter,7788,6,17606,14,122706
2020,Presidio,458,8,1371,23,5906
2020,Rains,942,8,2812,25,11378
2020,Randall,7579,5,22009,16,138104
2020,Reagan,116,3,616,15,4226
2020,Real,287,8,1120,33,3407
2020,Red River,1033,8,3176,25,12610
2020,Reeves,875,6,2079,13,15707
2020,Refugio,627,8,1823,24,7573
2020,Roberts,68,7,249,25,983
2020,Robertson,1301,8,3413,20,16888
2020,Rockwall,3910,4,14503,14,102243
2020,Runnels,795,7,2546,23,11009
2020,Rusk,3630,7,9318,18,52767
2020,Sabine,1265,13,2978,30,9936
2020,San Augustine,960,11,2334,28,8405
2020,San Jacinto,3092,11,6411,22,28844
2020,San Patricio,5103,7,11561,16,71325
2020,San Saba,377,6,1459,25,5873
2020,Schleicher,146,4,671,20,3312
2020,Scurry,1208,7,2764,15,18368
2020,Shackelford,344,10,711,21,3405
2020,Shelby,2102,8,4567,18,25545
2020,Sherman,247,8,577,18,3276
2020,Smith,15789,7,40042,17,235143
2020,Somervell,497,5,2061,22,9294
2020,Starr,5449,8,8200,13,64731
2020,Stephens,903,9,2008,21,9570
2020,Sterling,100,8,318,25,1252
2020,Stonewall,130,9,476,31,1523
2020,Sutton,129,3,921,21,4381
2020,Swisher,529,7,1491,20,7414
2020,Tarrant,117544,5,263021,12,2143755
2020,Taylor,10541,8,21211,15,139457
2020,Terrell,41,4,327,31,1054
2020,Terry,902,7,2042,16,13040
2020,Throckmorton,127,8,425,28,1519
2020,Titus,1951,6,5169,16,32953
2020,Tom Green,8075,7,19624,16,123276
2020,Travis,59772,5,131483,10,1291502
2020,Trinity,1847,13,3908,27,14233
2020,Tyler,2481,12,4814,23,21343
2020,Upshur,3784,9,8128,20,41655
2020,Upton,151,4,758,19,3983
2020,Uvalde,2040,7,4633,17,27937
2020,Val Verde,3602,7,7272,15,48253
2020,Van Zandt,4743,9,12148,22,55469
2020,Victoria,6798,7,15616,16,97744
2020,Walker,2902,4,10231,14,73997
2020,Waller,3406,7,7098,14,50731
2020,Ward,763,6,1886,14,13592
2020,Washington,2068,6,7694,22,35155
2020,Webb,16358,6,27904,10,276183
2020,Wharton,2891,7,7669,18,41941
2020,Wheeler,360,6,1290,22,5783
2020,Wichita,12081,9,21957,16,133138
2020,Wilbarger,1434,11,2656,20,13038
2020,Willacy,1950,9,3199,14,22134
2020,Williamson,31941,5,76241,13,589914
2020,Wilson,3363,6,9292,18,51802
2020,Winkler,494,5,1107,12,9295
2020,Wise,6029,9,11436,17,65807
2020,Wood,4088,9,12628,28,45292
2020,Yoakum,363,4,1237,13,9225
2020,Young,1196,6,4163,22,18712
2020,Zapata,1219,8,1939,13,14409
2020,Zavala,1414,11,1756,14,12682
2020,Unknown,,,,,
2020,Out of State,,,,,
2020,None Specified,,,,,
2019,Anderson,4104,7,8819,15,58248
2019,Andrews,973,5,2113,10,21305
2019,Angelina,8887,10,14514,16,90151
2019,Aransas,2366,9,7439,27,27198
2019,Archer,580,7,1711,20,8393
2019,Armstrong,67,3,574,29,1951
2019,Atascosa,2882,6,7716,15,51048
2019,Austin,2308,8,6095,20,30207
2019,Bailey,427,6,1097,14,7638
2019,Bandera,1926,9,5921,28,21174
2019,Bastrop,6989,8,13845,16,84866
2019,Baylor,283,8,885,24,3629
2019,Bee,3427,10,4259,12,34195
2019,Bell,29934,9,36163,10,349441
2019,Bexar,158433,8,253182,12,2053260
2019,Blanco,1057,9,3033,27,11393
2019,Borden,60,9,206,30,681
2019,Bosque,1262,7,4504,25,17793
2019,Bowie,6586,7,16188,17,92596
2019,Brazoria,19021,5,46217,13,369156
2019,Brazos,10063,4,20929,9,225224
2019,Brewster,1089,12,1937,21,9157
2019,Briscoe,59,4,442,28,1572
2019,Brooks,593,8,1449,20,7178
2019,Brown,2010,5,8396,22,38873
2019,Burleson,969,5,3803,22,17649
2019,Burnet,4055,9,10842,23,47634
2019,Caldwell,3170,7,6575,15,43618
2019,Calhoun,1795,8,4032,18,22707
2019,Callahan,1135,8,3024,22,13454
2019,Cameron,24707,6,59391,14,426216
2019,Camp,889,7,2447,18,13231
2019,Carson,270,5,1065,18,5832
2019,Cass,2484,8,7134,23,30365
2019,Castro,360,5,1220,17,7190
2019,Chambers,2683,6,5272,13,41451
2019,Cherokee,3382,6,9076,17,52090
2019,Childress,483,7,1182,17,7068
2019,Clay,936,9,2301,23,9885
2019,Cochran,256,8,563,17,3315
2019,Coke,171,5,909,28,3226
2019,Coleman,532,6,2127,25,8527
2019,Collin,33094,3,114963,11,1010828
2019,Collingsworth,165,5,636,20,3188
2019,Colorado,1339,6,4809,23,21239
2019,Comal,9704,7,26878,19,142701
2019,Comanche,988,8,3256,25,13173
2019,Concho,105,3,799,19,4136
2019,Cooke,2789,7,7756,20,39595
2019,Coryell,8180,10,7066,9,77978
2019,Cottle,110,7,445,29,1515
2019,Crane,246,4,793,13,5991
2019,Crockett,197,5,820,20,4010
2019,Crosby,488,8,1386,22,6413
2019,Culberson,306,14,537,24,2261
2019,Dallam,556,8,699,10,7173
2019,Dallas,138795,5,286751,11,2697424
2019,Dawson,1365,10,2055,15,13611
2019,Deaf Smith,1012,6,2297,13,18255
2019,Delta,529,10,1325,25,5366
2019,Denton,36545,4,91622,11,870845
2019,DeWitt,1605,7,4431,21,21573
2019,Dickens,250,11,560,26,2188
2019,Dimmit,1278,11,1794,16,11533
2019,Donley,242,7,845,25,3440
2019,Duval,1500,13,2237,19,11803
2019,Eastland,1926,11,4157,23,18261
2019,Ector,12620,7,17870,10,179208
2019,Edwards,307,15,596,30,2004
2019,Ellis,10250,6,23994,14,174749
2019,El Paso,61514,7,112372,13,869040
2019,Erath,2164,5,6144,15,41086
2019,Falls,1912,11,3183,19,16712
2019,Fannin,2576,7,7222,21,34524
2019,Fayette,1402,5,6526,25,25900
2019,Fisher,241,6,1020,26,3983
2019,Floyd,317,5,1266,22,5834
2019,Foard,99,8,354,29,1240
2019,Fort Bend,30064,4,96564,12,810619
2019,Franklin,1119,10,2197,20,10885
2019,Freestone,1691,9,3895,20,19879
2019,Frio,1870,9,2642,13,19718
2019,Gaines,1408,7,2277,11,21620
2019,Galveston,24437,7,50888,15,348442
2019,Garza,421,6,805,12,6756
2019,Gillespie,1072,4,7672,29,26019
2019,Glasscock,16,1,290,21,1349
2019,Goliad,693,9,1971,26,7672
2019,Gonzales,1823,9,3764,18,21216
2019,Gray,2378,10,3742,16,24040
2019,Grayson,11456,9,24142,18,130657
2019,Gregg,8835,7,19472,16,125425
2019,Grimes,1368,5,5397,19,28710
2019,Guadalupe,10439,6,23652,14,165837
2019,Hale,1772,5,4664,14,33527
2019,Hall,287,9,814,25,3312
2019,Hamilton,951,12,2048,25,8234
2019,Hansford,352,6,947,16,5802
2019,Hardeman,493,13,766,20,3888
2019,Hardin,4433,8,9952,18,56350
2019,Harris,238644,5,504961,10,4887341
2019,Harrison,3736,5,11457,17,68004
2019,Hartley,227,4,929,15,6064
2019,Haskell,811,13,1346,22,6150
2019,Hays,10360,5,28575,13,225516
2019,Hemphill,336,7,640,14,4527
2019,Henderson,6426,8,18392,23,80985
2019,Hidalgo,54036,6,98758,11,860844
2019,Hill,3061,9,7656,21,35644
2019,Hockley,1793,7,3737,15,24455
2019,Hood,3249,6,14865,26,57881
2019,Hopkins,3106,8,7323,20,36879
2019,Houston,1832,8,4865,21,22738
2019,Howard,4058,10,4943,12,40521
2019,Hudspeth,446,13,751,22,3401
2019,Hunt,7863,8,16093,17,94285
2019,Hutchinson,2129,10,3599,17,21511
2019,Irion,74,5,391,26,1513
2019,Jack,954,11,1526,17,8845
2019,Jackson,1284,8,2860,18,15699
2019,Jasper,3589,10,7207,20,35593
2019,Jeff Davis,133,6,739,35,2129
2019,Jefferson,17907,7,37446,15,258020
2019,Jim Hogg,563,11,897,18,5099
2019,Jim Wells,2989,7,6787,16,42697
2019,Johnson,8983,5,25695,15,169575
2019,Jones,2894,15,3114,16,19766
2019,Karnes,1085,7,2446,16,15309
2019,Kaufman,7825,6,17258,14,122724
2019,Kendall,2636,6,9363,21,44686
2019,Kenedy,29,6,112,24,470
2019,Kent,102,13,244,31,792
2019,Kerr,4254,8,14114,27,51993
2019,Kimble,270,6,1298,30,4365
2019,King,2,1,67,22,306
2019,Kinney,195,6,856,25,3465
2019,Kleberg,2226,7,4392,14,31002
2019,Knox,322,8,870,22,3912
2019,Lamar,4073,8,10183,20,50032
2019,Lamb,880,7,2460,19,12903
2019,Lampasas,1883,9,4371,21,20885
2019,La Salle,862,11,1336,16,8154
2019,Lavaca,1364,7,4539,22,20522
2019,Lee,1216,7,3356,19,17502
2019,Leon,1542,9,4278,24,17617
2019,Liberty,8656,10,12629,15,84278
2019,Limestone,1908,8,4620,20,23544
2019,Lipscomb,224,6,715,20,3618
2019,Live Oak,1029,9,2595,22,11970
2019,Llano,1974,10,6671,34,19428
2019,Loving,11,12,32,35,91
2019,Lubbock,24320,8,41484,13,312653
2019,Lynn,539,10,1011,18,5613
2019,Madison,1187,8,2280,16,14420
2019,Marion,1024,10,2619,25,10343
2019,Martin,244,4,900,15,5898
2019,Mason,192,5,1196,31,3901
2019,Matagorda,2674,7,6455,17,37064
2019,Maverick,4886,8,7805,13,59379
2019,McCulloch,602,7,2085,24,8619
2019,McLennan,16370,7,36983,15,251303
2019,McMullen,49,6,262,34,774
2019,Medina,3670,7,8553,17,50118
2019,Menard,132,6,703,32,2185
2019,Midland,8657,5,17531,10,181073
2019,Milam,2314,9,5359,22,24655
2019,Mills,444,9,1356,28,4876
2019,Mitchell,968,10,1685,17,9802
2019,Montague,1744,9,4388,23,19247
2019,Montgomery,31254,5,82228,14,595887
2019,Moore,1418,7,2501,12,21612
2019,Morris,1058,8,2908,23,12506
2019,Motley,63,5,393,33,1174
2019,Nacogdoches,5777,9,10231,16,63981
2019,Navarro,4267,9,8843,18,47977
2019,Newton,2070,15,2784,20,13784
2019,Nolan,1381,9,2862,18,15589
2019,Nueces,27113,7,53540,14,379038
2019,Ochiltree,560,5,1281,11,11190
2019,Oldham,99,5,422,19,2192
2019,Orange,7071,8,15319,18,85744
2019,Palo Pinto,2683,10,5609,20,27891
2019,Panola,1739,7,4730,19,24531
2019,Parker,7836,6,23449,18,133578
2019,Parmer,666,7,1348,15,9288
2019,Pecos,1071,6,2267,14,16477
2019,Polk,5541,11,9719,20,48689
2019,Potter,7980,7,17033,14,122653
2019,Presidio,447,7,1386,23,6049
2019,Rains,957,8,2798,25,11325
2019,Randall,7648,6,21141,16,136026
2019,Reagan,181,4,577,14,4122
2019,Real,181,5,1094,32,3403
2019,Red River,1082,9,3137,25,12645
2019,Reeves,857,6,2038,13,15501
2019,Refugio,769,10,1787,24,7563
2019,Roberts,57,6,240,25,977
2019,Robertson,1305,8,3352,20,16856
2019,Rockwall,4762,5,13574,14,99619
2019,Runnels,617,6,2494,23,10948
2019,Rusk,4019,8,9115,17,52822
2019,Sabine,1165,12,3005,30,10019
2019,San Augustine,1101,13,2326,28,8445
2019,San Jacinto,3039,11,6222,22,28602
2019,San Patricio,4787,7,11265,16,70615
2019,San Saba,406,7,1448,25,5890
2019,Schleicher,132,4,654,20,3300
2019,Scurry,1391,8,2716,15,18208
2019,Shackelford,320,9,689,20,3394
2019,Shelby,2287,9,4497,18,25565
2019,Sherman,278,9,547,17,3239
2019,Smith,15560,7,38798,17,232715
2019,Somervell,402,4,1987,22,9194
2019,Starr,5667,9,8045,12,64444
2019,Stephens,786,8,1981,21,9573
2019,Sterling,104,8,300,24,1238
2019,Stonewall,108,7,466,31,1519
2019,Sutton,158,4,895,21,4350
2019,Swisher,708,10,1477,20,7444
2019,Tarrant,120069,6,250084,12,2108938
2019,Taylor,11609,8,20642,15,138697
2019,Terrell,31,3,322,31,1048
2019,Terry,953,7,2001,15,13001
2019,Throckmorton,116,8,421,28,1528
2019,Titus,2309,7,5019,15,32934
2019,Tom Green,8066,7,19073,16,121814
2019,Travis,61394,5,124094,10,1265178
2019,Trinity,1924,13,3875,27,14285
2019,Tyler,3028,14,4749,22,21379
2019,Upshur,3786,9,7880,19,41389
2019,Upton,145,4,729,19,3916
2019,Uvalde,2112,8,4585,17,27729
2019,Val Verde,3715,8,7210,15,48334
2019,Van Zandt,4726,9,11906,22,55170
2019,Victoria,6670,7,15118,16,96533
2019,Walker,3131,4,9827,13,73219
2019,Waller,3370,7,6778,14,49950
2019,Ward,811,6,1830,14,13230
2019,Washington,2300,7,7498,21,35010
2019,Webb,15563,6,26816,10,273467
2019,Wharton,2904,7,7477,18,41883
2019,Wheeler,427,7,1250,22,5751
2019,Wichita,11832,9,21317,16,133012
2019,Wilbarger,1361,10,2593,20,13085
2019,Willacy,2050,9,3123,14,22157
2019,Williamson,28319,5,71311,12,570803
2019,Wilson,3039,6,8842,17,50837
2019,Winkler,557,6,1088,12,9022
2019,Wise,5531,8,11000,17,65160
2019,Wood,4292,10,12421,28,44993
2019,Yoakum,414,5,1197,13,9060
2019,Young,1119,6,4098,22,18695
2019,Zapata,1172,8,1884,13,14403
2019,Zavala,1643,13,1729,14,12572
2019,Unknown,,,,,
2019,Out of State,,,,,
2019,None Specified,,,,,
2018,Anderson,4925,8,8645,15,58293
2018,Andrews,957,5,2046,10,20388
2018,Angelina,8452,9,14231,16,89860
2018,Aransas,2276,9,7299,27,26700
2018,Archer,593,7,1684,20,8452
2018,Armstrong,63,3,560,29,1954
2018,Atascosa,2949,6,7508,15,50265
2018,Austin,1945,6,5847,19,30002
2018,Bailey,426,6,1074,14,7582
2018,Bandera,2036,10,5731,27,21083
2018,Bastrop,6274,7,13228,16,83657
2018,Baylor,303,8,880,24,3640
2018,Bee,3481,10,4172,12,33924
2018,Bell,30191,9,35013,10,345285
2018,Bexar,158115,8,243623,12,2013625
2018,Blanco,856,8,2910,26,11303
2018,Borden,57,8,194,29,675
2018,Bosque,1256,7,4467,25,17828
2018,Bowie,6544,7,15843,17,92615
2018,Brazoria,18006,5,43927,12,362609
2018,Brazos,9785,4,19962,9,221079
2018,Brewster,960,10,1908,21,9192
2018,Briscoe,47,3,437,28,1576
2018,Brooks,651,9,1436,20,7187
2018,Brown,2482,6,8255,21,38827
2018,Burleson,1122,6,3711,21,17589
2018,Burnet,3928,8,10562,22,47080
2018,Caldwell,2997,7,6297,15,42953
2018,Calhoun,2058,9,3962,18,22570
2018,Callahan,1068,8,2936,22,13437
2018,Cameron,23120,5,57610,14,424462
2018,Camp,897,7,2386,18,13145
2018,Carson,271,5,1049,18,5848
2018,Cass,2584,9,6998,23,30399
2018,Castro,336,5,1196,16,7275
2018,Chambers,2271,6,5011,12,40629
2018,Cherokee,3322,6,8875,17,51985
2018,Childress,478,7,1168,17,7078
2018,Clay,856,9,2247,23,9984
2018,Cochran,229,7,545,17,3279
2018,Coke,174,5,897,28,3236
2018,Coleman,608,7,2123,25,8569
2018,Collin,32242,3,107617,11,983202
2018,Collingsworth,179,6,619,20,3172
2018,Colorado,1296,6,4712,22,21199
2018,Comal,9835,7,25612,19,138302
2018,Comanche,951,7,3245,24,13260
2018,Concho,139,3,774,19,4132
2018,Cooke,2795,7,7528,19,39470
2018,Coryell,8756,11,6904,9,77622
2018,Cottle,131,9,440,29,1512
2018,Crane,255,4,758,13,5783
2018,Crockett,188,5,799,20,3982
2018,Crosby,579,9,1338,21,6363
2018,Culberson,318,14,527,23,2275
2018,Dallam,545,8,681,10,7112
2018,Dallas,133813,5,276730,10,2660715
2018,Dawson,1471,11,2059,15,13629
2018,Deaf Smith,863,5,2256,12,18352
2018,Delta,522,10,1300,24,5355
2018,Denton,34589,4,85275,10,844707
2018,DeWitt,1622,8,4334,20,21374
2018,Dickens,271,12,555,25,2204
2018,Dimmit,1362,12,1778,16,11335
2018,Donley,186,5,844,24,3461
2018,Duval,1587,13,2212,19,11814
2018,Eastland,2248,12,4147,23,18307
2018,Ector,11379,7,17328,10,173797
2018,Edwards,259,13,584,29,2012
2018,Ellis,9874,6,22787,13,171816
2018,El Paso,60386,7,108525,13,861806
2018,Erath,2327,6,6002,15,40662
2018,Falls,1913,11,3141,19,16835
2018,Fannin,2611,8,7063,20,34459
2018,Fayette,1709,7,6344,25,25722
2018,Fisher,263,7,1005,25,3985
2018,Floyd,292,5,1257,21,5886
2018,Foard,89,7,361,29,1248
2018,Fort Bend,29108,4,88860,11,781965
2018,Franklin,841,8,2193,20,10847
2018,Freestone,1915,10,3827,19,19872
2018,Frio,1748,9,2585,13,19421
2018,Gaines,1145,5,2201,10,21130
2018,Galveston,23816,7,48481,14,341737
2018,Garza,579,9,784,12,6725
2018,Gillespie,1070,4,7549,29,25848
2018,Glasscock,13,1,282,21,1336
2018,Goliad,515,7,1917,25,7622
2018,Gonzales,1723,8,3681,17,21075
2018,Gray,2384,10,3704,16,23830
2018,Grayson,11261,9,23497,18,129610
2018,Gregg,8709,7,19101,15,125113
2018,Grimes,1609,6,5143,18,28476
2018,Guadalupe,10196,6,22618,14,161541
2018,Hale,1790,5,4600,14,33824
2018,Hall,252,8,809,24,3311
2018,Hamilton,924,11,2040,25,8254
2018,Hansford,304,5,922,16,5780
2018,Hardeman,536,14,762,20,3899
2018,Hardin,4505,8,9620,17,56216
2018,Harris,232512,5,482565,10,4796533
2018,Harrison,3704,5,11171,16,67764
2018,Hartley,322,5,908,15,6041
2018,Haskell,756,12,1348,22,6107
2018,Hays,9956,5,26467,12,216516
2018,Hemphill,366,8,623,14,4426
2018,Henderson,6265,8,18048,22,80755
2018,Hidalgo,53930,6,95656,11,851285
2018,Hill,2906,8,7519,21,35617
2018,Hockley,1888,8,3639,15,24257
2018,Hood,2713,5,14391,25,57119
2018,Hopkins,3115,8,7123,19,36710
2018,Houston,1628,7,4826,21,22832
2018,Howard,4000,10,4887,12,39836
2018,Hudspeth,497,15,715,21,3398
2018,Hunt,7749,8,15579,17,93305
2018,Hutchinson,2129,10,3548,16,21563
2018,Irion,77,5,380,25,1518
2018,Jack,828,9,1524,17,8866
2018,Jackson,1443,9,2797,18,15520
2018,Jasper,2974,8,7042,20,35649
2018,Jeff Davis,135,6,734,34,2151
2018,Jefferson,18783,7,36607,14,257363
2018,Jim Hogg,517,10,899,18,5122
2018,Jim Wells,3010,7,6637,16,42509
2018,Johnson,8716,5,24717,15,167450
2018,Jones,2752,14,3070,16,19790
2018,Karnes,1060,7,2389,16,15238
2018,Kaufman,8232,7,16446,14,120400
2018,Kendall,2487,6,8886,21,43173
2018,Kenedy,32,7,104,22,464
2018,Kent,103,13,242,31,791
2018,Kerr,4286,8,13918,27,51716
2018,Kimble,362,8,1261,29,4387
2018,King,17,6,61,20,303
2018,Kinney,373,11,846,24,3467
2018,Kleberg,2313,7,4314,14,31028
2018,Knox,343,9,861,22,3888
2018,Lamar,3987,8,10024,20,50031
2018,Lamb,1032,8,2406,18,13018
2018,Lampasas,1985,10,4242,20,20727
2018,La Salle,792,10,1316,16,8000
2018,Lavaca,1290,6,4476,22,20324
2018,Lee,966,6,3268,19,17407
2018,Leon,1497,9,4184,24,17504
2018,Liberty,7758,9,12138,15,83276
2018,Limestone,1908,8,4509,19,23556
2018,Lipscomb,235,7,675,19,3573
2018,Live Oak,1111,9,2551,21,11912
2018,Llano,1996,10,6623,34,19408
2018,Loving,10,11,28,31,90
2018,Lubbock,22925,7,40021,13,308208
2018,Lynn,636,11,996,18,5642
2018,Madison,1264,9,2235,16,14312
2018,Marion,968,9,2597,25,10389
2018,Martin,208,4,859,15,5757
2018,Mason,231,6,1176,30,3904
2018,Matagorda,2974,8,6296,17,37045
2018,Maverick,4773,8,7563,13,58820
2018,McCulloch,752,9,2041,24,8576
2018,McLennan,16696,7,36022,14,249470
2018,McMullen,76,10,253,33,766
2018,Medina,3926,8,8337,17,49615
2018,Menard,182,8,693,32,2187
2018,Midland,8622,5,17022,10,175090
2018,Milam,2167,9,5225,21,24662
2018,Mills,522,11,1341,27,4885
2018,Mitchell,663,7,1630,17,9764
2018,Montague,1755,9,4345,23,19298
2018,Montgomery,28760,5,77812,13,578410
2018,Moore,962,4,2436,11,21660
2018,Morris,1110,9,2866,23,12551
2018,Motley,83,7,396,34,1177
2018,Nacogdoches,6082,10,9916,16,63839
2018,Navarro,4034,8,8625,18,47962
2018,Newton,1550,11,2734,20,13847
2018,Nolan,1472,9,2815,18,15524
2018,Nueces,26049,7,51790,14,374431
2018,Ochiltree,538,5,1241,11,11073
2018,Oldham,99,5,412,19,2177
2018,Orange,7330,9,14849,17,85320
2018,Palo Pinto,2550,9,5500,20,27931
2018,Panola,1802,7,4623,19,24471
2018,Parker,8082,6,22329,17,131578
2018,Parmer,622,7,1335,14,9387
2018,Pecos,895,5,2220,14,16397
2018,Polk,5568,12,9477,20,48283
2018,Potter,7860,6,16557,14,122573
2018,Presidio,472,8,1399,23,6206
2018,Rains,907,8,2756,24,11281
2018,Randall,7175,5,20346,15,134004
2018,Reagan,138,3,547,14,4017
2018,Real,267,8,1078,32,3392
2018,Red River,1078,9,3081,24,12673
2018,Reeves,762,5,1987,13,15287
2018,Refugio,773,10,1773,23,7554
2018,Roberts,61,6,226,23,976
2018,Robertson,1300,8,3267,19,16823
2018,Rockwall,4245,4,12778,13,97062
2018,Runnels,614,6,2454,23,10890
2018,Rusk,4074,8,8929,17,52892
2018,Sabine,1275,13,3014,30,10116
2018,San Augustine,1046,12,2318,27,8498
2018,San Jacinto,3235,11,6084,21,28348
2018,San Patricio,4747,7,10909,16,69908
2018,San Saba,413,7,1401,24,5901
2018,Schleicher,149,5,635,19,3292
2018,Scurry,1309,7,2655,15,18045
2018,Shackelford,301,9,672,20,3387
2018,Shelby,2429,9,4475,17,25580
2018,Sherman,242,8,540,17,3211
2018,Smith,15360,7,37617,16,230250
2018,Somervell,368,4,1904,21,9101
2018,Starr,5816,9,7868,12,64118
2018,Stephens,963,10,1959,20,9567
2018,Sterling,129,11,287,23,1227
2018,Stonewall,79,5,459,30,1513
2018,Sutton,162,4,857,20,4325
2018,Swisher,646,9,1464,20,7486
2018,Tarrant,114047,5,238583,12,2074551
2018,Taylor,10861,8,20186,15,137915
2018,Terrell,36,3,316,30,1044
2018,Terry,915,7,2002,15,12961
2018,Throckmorton,118,8,414,27,1537
2018,Titus,2113,6,4876,15,32896
2018,Tom Green,8098,7,18637,15,120367
2018,Travis,57871,5,117300,9,1238590
2018,Trinity,2006,14,3813,27,14321
2018,Tyler,2974,14,4677,22,21396
2018,Upshur,3662,9,7703,19,41140
2018,Upton,123,3,702,18,3853
2018,Uvalde,1831,7,4543,16,27541
2018,Val Verde,3498,7,7126,15,48408
2018,Van Zandt,4981,9,11647,21,54886
2018,Victoria,6706,7,14729,15,95346
2018,Walker,2865,4,9501,13,72447
2018,Waller,2934,6,6509,13,49136
2018,Ward,835,6,1812,14,12880
2018,Washington,2086,6,7340,21,34859
2018,Webb,15686,6,25855,10,270758
2018,Wharton,2783,7,7283,17,41833
2018,Wheeler,379,7,1219,21,5712
2018,Wichita,12364,9,20712,16,132841
2018,Wilbarger,1533,12,2517,19,13130
2018,Willacy,1890,9,3054,14,22162
2018,Williamson,28722,5,66786,12,552353
2018,Wilson,2971,6,8402,17,49908
2018,Winkler,424,5,1064,12,8754
2018,Wise,6006,9,10600,16,64505
2018,Wood,4286,10,12192,27,44666
2018,Yoakum,245,3,1154,13,8899
2018,Young,1257,7,4036,22,18667
2018,Zapata,1286,9,1842,13,14377
2018,Zavala,1605,13,1709,14,12472
2018,Unknown,,,,,
2018,Out of State,,,,,
2018,None Specified,,,,,
2017,Anderson,4937,8,8498,15,58342
2017,Andrews,918,5,1995,10,19526
2017,Angelina,8450,9,13901,16,89557
2017,Aransas,2249,9,7133,27,26228
2017,Archer,598,7,1663,20,8516
2017,Armstrong,64,3,543,28,1952
2017,Atascosa,2913,6,7255,15,49504
2017,Austin,1945,7,5640,19,29801
2017,Bailey,424,6,1057,14,7525
2017,Bandera,2056,10,5517,26,20992
2017,Bastrop,6212,8,12610,15,82448
2017,Baylor,304,8,884,24,3645
2017,Bee,3466,10,4052,12,33657
2017,Bell,29897,9,33971,10,341136
2017,Bexar,155327,8,233868,12,1974510
2017,Blanco,855,8,2798,25,11201
2017,Borden,57,9,194,29,669
2017,Bosque,1265,7,4406,25,17875
2017,Bowie,6555,7,15509,17,92598
2017,Brazoria,17703,5,41661,12,356123
2017,Brazos,9646,4,19075,9,217040
2017,Brewster,970,11,1858,20,9204
2017,Briscoe,47,3,432,27,1582
2017,Brooks,653,9,1417,20,7195
2017,Brown,2483,6,8089,21,38758
2017,Burleson,1129,6,3618,21,17551
2017,Burnet,3910,8,10204,22,46513
2017,Caldwell,2956,7,6097,14,42322
2017,Calhoun,2053,9,3864,17,22436
2017,Callahan,1069,8,2892,22,13442
2017,Cameron,23013,5,55776,13,422582
2017,Camp,894,7,2331,18,13047
2017,Carson,273,5,1041,18,5877
2017,Cass,2601,9,6898,23,30442
2017,Castro,342,5,1170,16,7365
2017,Chambers,2235,6,4733,12,39835
2017,Cherokee,3326,6,8706,17,51873
2017,Childress,479,7,1138,16,7079
2017,Clay,873,9,2193,22,10075
2017,Cochran,229,7,534,16,3251
2017,Coke,174,5,896,28,3246
2017,Coleman,614,7,2128,25,8609
2017,Collin,31324,3,100583,11,956327
2017,Collingsworth,179,6,606,19,3151
2017,Colorado,1303,6,4605,22,21145
2017,Comal,9562,7,24407,18,134065
2017,Comanche,959,7,3229,24,13346
2017,Concho,139,3,765,19,4124
2017,Cooke,2800,7,7323,19,39339
2017,Coryell,8694,11,6783,9,77317
2017,Cottle,131,9,439,29,1514
2017,Crane,245,4,725,13,5577
2017,Crockett,190,5,762,19,3953
2017,Crosby,578,9,1306,21,6326
2017,Culberson,322,14,508,22,2288
2017,Dallam,543,8,661,9,7060
2017,Dallas,132249,5,266549,10,2624075
2017,Dawson,1474,11,2049,15,13644
2017,Deaf Smith,867,5,2239,12,18470
2017,Delta,524,10,1266,24,5340
2017,Denton,33516,4,79475,10,819532
2017,DeWitt,1615,8,4244,20,21199
2017,Dickens,276,12,542,24,2223
2017,Dimmit,1346,12,1738,16,11140
2017,Donley,188,5,842,24,3488
2017,Duval,1589,13,2182,18,11822
2017,Eastland,2263,12,4118,22,18357
2017,Ector,11038,7,16788,10,168589
2017,Edwards,266,13,558,28,2009
2017,Ellis,9722,6,21738,13,168947
2017,El Paso,60070,7,104788,12,854479
2017,Erath,2310,6,5832,14,40231
2017,Falls,1931,11,3114,18,16972
2017,Fannin,2615,8,6887,20,34370
2017,Fayette,1716,7,6197,24,25545
2017,Fisher,264,7,991,25,3979
2017,Floyd,297,5,1229,21,5928
2017,Foard,91,7,360,29,1256
2017,Fort Bend,28151,4,81341,11,754361
2017,Franklin,840,8,2172,20,10802
2017,Freestone,1922,10,3746,19,19863
2017,Frio,1720,9,2514,13,19130
2017,Gaines,1121,5,2101,10,20667
2017,Galveston,23482,7,46146,14,335200
2017,Garza,581,9,763,11,6691
2017,Gillespie,1072,4,7385,29,25682
2017,Glasscock,13,1,265,20,1318
2017,Goliad,514,7,1867,25,7575
2017,Gonzales,1718,8,3603,17,20937
2017,Gray,2363,10,3681,16,23623
2017,Grayson,11210,9,22955,18,128563
2017,Gregg,8722,7,18662,15,124780
2017,Grimes,1611,6,4938,17,28230
2017,Guadalupe,9945,6,21603,14,157370
2017,Hale,1807,5,4556,13,34150
2017,Hall,252,8,814,25,3308
2017,Hamilton,924,11,2067,25,8274
2017,Hansford,303,5,901,16,5753
2017,Hardeman,542,14,770,20,3923
2017,Hardin,4493,8,9328,17,56051
2017,Harris,228608,5,460594,10,4706369
2017,Harrison,3711,5,10886,16,67523
2017,Hartley,322,5,901,15,6040
2017,Haskell,752,12,1328,22,6061
2017,Hays,9594,5,24325,12,207880
2017,Hemphill,358,8,605,14,4336
2017,Henderson,6270,8,17693,22,80527
2017,Hidalgo,53144,6,92319,11,841585
2017,Hill,2914,8,7423,21,35582
2017,Hockley,1883,8,3524,15,24083
2017,Hood,2693,5,13932,25,56362
2017,Hopkins,3118,9,6929,19,36535
2017,Houston,1643,7,4792,21,22931
2017,Howard,3936,10,4820,12,39167
2017,Hudspeth,500,15,682,20,3399
2017,Hunt,7693,8,15114,16,92298
2017,Hutchinson,2147,10,3474,16,21624
2017,Irion,78,5,370,24,1524
2017,Jack,838,9,1473,17,8888
2017,Jackson,1431,9,2725,18,15330
2017,Jasper,2990,8,6917,19,35679
2017,Jeff Davis,139,6,713,33,2168
2017,Jefferson,18822,7,35803,14,256679
2017,Jim Hogg,527,10,880,17,5150
2017,Jim Wells,3010,7,6474,15,42298
2017,Johnson,8643,5,23802,14,165360
2017,Jones,2759,14,3040,15,19827
2017,Karnes,1065,7,2322,15,15171
2017,Kaufman,8096,7,15592,13,118095
2017,Kendall,2414,6,8464,20,41764
2017,Kenedy,33,7,97,21,458
2017,Kent,103,13,238,30,787
2017,Kerr,4287,8,13676,27,51421
2017,Kimble,366,8,1263,29,4420
2017,King,17,6,58,19,301
2017,Kinney,373,11,858,25,3468
2017,Kleberg,2312,7,4264,14,31057
2017,Knox,341,9,863,22,3866
2017,Lamar,4003,8,9847,20,50022
2017,Lamb,1041,8,2377,18,13128
2017,Lampasas,1984,10,4081,20,20581
2017,La Salle,778,10,1274,16,7844
2017,Lavaca,1284,6,4436,22,20155
2017,Lee,964,6,3189,18,17298
2017,Leon,1499,9,4122,24,17414
2017,Liberty,7721,9,11620,14,82278
2017,Limestone,1912,8,4432,19,23538
2017,Lipscomb,235,7,654,18,3541
2017,Live Oak,1113,9,2499,21,11859
2017,Llano,2010,10,6584,34,19387
2017,Loving,11,12,25,28,89
2017,Lubbock,22653,7,38667,13,303884
2017,Lynn,637,11,988,17,5663
2017,Madison,1262,9,2204,15,14223
2017,Marion,975,9,2583,25,10409
2017,Martin,204,4,826,15,5626
2017,Mason,233,6,1160,30,3914
2017,Matagorda,2988,8,6141,17,37030
2017,Maverick,4732,8,7307,13,58254
2017,McCulloch,756,9,1982,23,8539
2017,McLennan,16650,7,34895,14,247655
2017,McMullen,77,10,243,32,761
2017,Medina,3896,8,8079,16,49136
2017,Menard,185,8,684,31,2194
2017,Midland,8342,5,16589,10,169373
2017,Milam,2178,9,5126,21,24661
2017,Mills,525,11,1313,27,4879
2017,Mitchell,664,7,1579,16,9713
2017,Montague,1767,9,4341,22,19350
2017,Montgomery,27974,5,73466,13,561436
2017,Moore,966,4,2389,11,21696
2017,Morris,1125,9,2812,22,12593
2017,Motley,85,7,387,33,1184
2017,Nacogdoches,6105,10,9584,15,63691
2017,Navarro,4055,8,8373,17,47959
2017,Newton,1564,11,2698,19,13912
2017,Nolan,1472,10,2782,18,15478
2017,Nueces,25793,7,50267,14,369869
2017,Ochiltree,533,5,1204,11,10958
2017,Oldham,98,5,401,19,2163
2017,Orange,7329,9,14438,17,84886
2017,Palo Pinto,2555,9,5398,19,27955
2017,Panola,1812,7,4486,18,24402
2017,Parker,8024,6,21230,16,129607
2017,Parmer,631,7,1309,14,9489
2017,Pecos,895,5,2172,13,16313
2017,Polk,5533,12,9297,19,47886
2017,Potter,7879,6,16028,13,122482
2017,Presidio,486,8,1411,22,6371
2017,Rains,909,8,2698,24,11234
2017,Randall,7110,5,19525,15,132035
2017,Reagan,136,3,522,13,3928
2017,Real,272,8,1069,32,3386
2017,Red River,1088,9,3040,24,12701
2017,Reeves,752,5,1951,13,15081
2017,Refugio,776,10,1739,23,7529
2017,Roberts,61,6,217,22,974
2017,Robertson,1300,8,3195,19,16791
2017,Rockwall,4126,4,11976,13,94557
2017,Runnels,612,6,2416,22,10822
2017,Rusk,4100,8,8669,16,52941
2017,Sabine,1288,13,3020,30,10201
2017,San Augustine,1064,12,2290,27,8543
2017,San Jacinto,3226,11,5926,21,28106
2017,San Patricio,4709,7,10593,15,69197
2017,San Saba,417,7,1378,23,5910
2017,Schleicher,151,5,609,18,3292
2017,Scurry,1300,7,2629,15,17902
2017,Shackelford,304,9,661,20,3382
2017,Shelby,2437,10,4412,17,25574
2017,Sherman,241,8,528,17,3177
2017,Smith,15228,7,36640,16,227753
2017,Somervell,367,4,1815,20,9002
2017,Starr,5775,9,7703,12,63778
2017,Stephens,971,10,1915,20,9567
2017,Sterling,128,11,282,23,1218
2017,Stonewall,80,5,451,30,1511
2017,Sutton,161,4,825,19,4295
2017,Swisher,651,9,1442,19,7515
2017,Tarrant,112298,6,227646,11,2040538
2017,Taylor,10813,8,19854,14,137105
2017,Terrell,36,3,307,30,1040
2017,Terry,911,7,1992,15,12915
2017,Throckmorton,118,8,419,27,1548
2017,Titus,2121,6,4741,14,32855
2017,Tom Green,8029,7,18088,15,118925
2017,Travis,56741,5,110748,9,1211795
2017,Trinity,2026,14,3746,26,14371
2017,Tyler,3008,14,4600,21,21446
2017,Upshur,3647,9,7504,18,40887
2017,Upton,123,3,668,18,3780
2017,Uvalde,1806,7,4500,16,27339
2017,Val Verde,3511,7,6996,14,48482
2017,Van Zandt,4980,9,11374,21,54600
2017,Victoria,6621,7,14339,15,94187
2017,Walker,2856,4,9131,13,71699
2017,Waller,2897,6,6206,13,48346
2017,Ward,815,6,1780,14,12543
2017,Washington,2089,6,7179,21,34698
2017,Webb,15460,6,25027,9,267971
2017,Wharton,2789,7,7108,17,41777
2017,Wheeler,379,7,1195,21,5680
2017,Wichita,12405,9,20154,15,132632
2017,Wilbarger,1547,12,2456,19,13181
2017,Willacy,1901,9,2980,13,22174
2017,Williamson,27821,5,62316,12,534550
2017,Wilson,2919,6,8009,16,48995
2017,Winkler,416,5,1045,12,8509
2017,Wise,5965,9,10164,16,63820
2017,Wood,4274,10,12023,27,44331
2017,Yoakum,241,3,1137,13,8752
2017,Young,1267,7,3927,21,18640
2017,Zapata,1288,9,1795,13,14353
2017,Zavala,1596,13,1673,14,12368
2017,Unknown,,,,,
2017,Out of State,,,,,
2017,None Specified,,,,,
2016,Anderson,4952,8,8305,14,58382
2016,Andrews,879,5,1949,10,18708
2016,Angelina,8425,9,13661,15,89219
2016,Aransas,2222,9,6931,27,25763
2016,Archer,605,7,1613,19,8582
2016,Armstrong,65,3,522,27,1951
2016,Atascosa,2872,6,7052,14,48782
2016,Austin,1943,7,5428,18,29603
2016,Bailey,422,6,1037,14,7464
2016,Bandera,2070,10,5315,25,20912
2016,Bastrop,6152,8,11970,15,81259
2016,Baylor,306,8,880,24,3650
2016,Bee,3450,10,3955,12,33379
2016,Bell,29639,9,33036,10,337015
2016,Bexar,152471,8,225050,12,1935868
2016,Blanco,857,8,2678,24,11094
2016,Borden,57,9,192,29,667
2016,Bosque,1275,7,4329,24,17909
2016,Bowie,6564,7,15192,16,92597
2016,Brazoria,17423,5,39701,11,349762
2016,Brazos,9509,4,18240,9,213043
2016,Brewster,983,11,1821,20,9214
2016,Briscoe,48,3,423,27,1587
2016,Brooks,654,9,1410,20,7203
2016,Brown,2489,6,7908,20,38686
2016,Burleson,1131,6,3570,20,17507
2016,Burnet,3876,8,9908,22,45948
2016,Caldwell,2924,7,5838,14,41678
2016,Calhoun,2048,9,3755,17,22287
2016,Callahan,1068,8,2836,21,13447
2016,Cameron,22887,5,54214,13,420614
2016,Camp,888,7,2285,18,12957
2016,Carson,275,5,1029,17,5906
2016,Cass,2617,9,6787,22,30472
2016,Castro,348,5,1144,15,7458
2016,Chambers,2195,6,4559,12,39083
2016,Cherokee,3324,6,8548,17,51738
2016,Childress,481,7,1120,16,7079
2016,Clay,889,9,2143,21,10169
2016,Cochran,228,7,516,16,3219
2016,Coke,175,5,896,28,3257
2016,Coleman,617,7,2129,25,8656
2016,Collin,30446,3,94106,10,930091
2016,Collingsworth,178,6,599,19,3127
2016,Colorado,1309,6,4526,21,21097
2016,Comal,9310,7,23270,18,129967
2016,Comanche,971,7,3193,24,13437
2016,Concho,140,3,741,18,4119
2016,Cooke,2804,7,7146,18,39215
2016,Coryell,8635,11,6627,9,77013
2016,Cottle,132,9,428,28,1507
2016,Crane,238,4,680,13,5376
2016,Crockett,190,5,735,19,3922
2016,Crosby,579,9,1256,20,6274
2016,Culberson,329,14,486,21,2306
2016,Dallam,538,8,662,9,6993
2016,Dallas,130704,5,257288,10,2587530
2016,Dawson,1476,11,2052,15,13666
2016,Deaf Smith,872,5,2208,12,18578
2016,Delta,525,10,1240,23,5323
2016,Denton,32484,4,74061,9,795196
2016,DeWitt,1609,8,4173,20,21030
2016,Dickens,278,12,530,24,2234
2016,Dimmit,1327,12,1697,15,10955
2016,Donley,189,5,841,24,3509
2016,Duval,1601,14,2169,18,11836
2016,Eastland,2280,12,4039,22,18379
2016,Ector,10711,7,16290,10,163571
2016,Edwards,270,13,542,27,2002
2016,Ellis,9570,6,20708,12,166103
2016,El Paso,59660,7,101400,12,847036
2016,Erath,2293,6,5690,14,39847
2016,Falls,1951,11,3086,18,17092
2016,Fannin,2626,8,6729,20,34293
2016,Fayette,1722,7,6066,24,25383
2016,Fisher,266,7,970,24,3969
2016,Floyd,301,5,1202,20,5980
2016,Foard,93,7,356,28,1265
2016,Fort Bend,27220,4,74362,10,727754
2016,Franklin,845,8,2127,20,10763
2016,Freestone,1928,10,3706,19,19863
2016,Frio,1697,9,2457,13,18850
2016,Gaines,1097,5,2006,10,20194
2016,Galveston,23129,7,43929,13,328728
2016,Garza,580,9,749,11,6659
2016,Gillespie,1075,4,7243,28,25547
2016,Glasscock,13,1,257,20,1306
2016,Goliad,517,7,1781,24,7521
2016,Gonzales,1711,8,3522,17,20796
2016,Gray,2346,10,3664,16,23434
2016,Grayson,11155,9,22364,18,127493
2016,Gregg,8727,7,18301,15,124421
2016,Grimes,1615,6,4739,17,27998
2016,Guadalupe,9693,6,20635,13,153319
2016,Hale,1823,5,4549,13,34444
2016,Hall,252,8,802,24,3303
2016,Hamilton,939,11,2057,25,8305
2016,Hansford,301,5,889,16,5723
2016,Hardeman,544,14,770,20,3942
2016,Hardin,4481,8,9088,16,55906
2016,Harris,224803,5,440314,10,4616802
2016,Harrison,3723,6,10612,16,67300
2016,Hartley,321,5,877,15,6040
2016,Haskell,745,12,1319,22,6020
2016,Hays,9241,5,22422,11,199621
2016,Hemphill,354,8,589,14,4246
2016,Henderson,6269,8,17361,22,80279
2016,Hidalgo,52338,6,89375,11,831924
2016,Hill,2926,8,7303,21,35526
2016,Hockley,1873,8,3425,14,23905
2016,Hood,2672,5,13544,24,55618
2016,Hopkins,3118,9,6725,18,36353
2016,Houston,1661,7,4734,21,23026
2016,Howard,3871,10,4786,12,38504
2016,Hudspeth,501,15,657,19,3406
2016,Hunt,7630,8,14712,16,91327
2016,Hutchinson,2157,10,3437,16,21682
2016,Irion,78,5,367,24,1531
2016,Jack,841,9,1458,16,8905
2016,Jackson,1428,9,2658,18,15151
2016,Jasper,3003,8,6828,19,35696
2016,Jeff Davis,144,7,689,32,2183
2016,Jefferson,18845,7,35205,14,255994
2016,Jim Hogg,527,10,879,17,5170
2016,Jim Wells,3008,7,6326,15,42090
2016,Johnson,8576,5,22831,14,163278
2016,Jones,2765,14,2991,15,19862
2016,Karnes,1066,7,2280,15,15097
2016,Kaufman,7959,7,14830,13,115860
2016,Kendall,2342,6,8058,20,40398
2016,Kenedy,32,7,93,21,451
2016,Kent,103,13,238,30,786
2016,Kerr,4282,8,13485,26,51140
2016,Kimble,371,8,1237,28,4440
2016,King,17,6,56,19,298
2016,Kinney,376,11,863,25,3477
2016,Kleberg,2320,7,4186,13,31129
2016,Knox,340,9,831,22,3838
2016,Lamar,4022,8,9643,19,50006
2016,Lamb,1054,8,2340,18,13239
2016,Lampasas,1980,10,3945,19,20436
2016,La Salle,765,10,1232,16,7695
2016,Lavaca,1280,6,4373,22,19978
2016,Lee,961,6,3114,18,17201
2016,Leon,1499,9,4050,23,17322
2016,Liberty,7670,9,11181,14,81282
2016,Limestone,1924,8,4307,18,23506
2016,Lipscomb,235,7,614,18,3496
2016,Live Oak,1117,9,2460,21,11812
2016,Llano,2020,10,6533,34,19372
2016,Loving,11,13,23,26,88
2016,Lubbock,22409,7,37301,12,299742
2016,Lynn,639,11,971,17,5689
2016,Madison,1257,9,2178,15,14139
2016,Marion,981,9,2574,25,10433
2016,Martin,200,4,794,14,5494
2016,Mason,233,6,1141,29,3919
2016,Matagorda,3000,8,5999,16,36991
2016,Maverick,4682,8,7078,12,57684
2016,McCulloch,749,9,1953,23,8486
2016,McLennan,16564,7,33978,14,245791
2016,McMullen,75,10,238,32,754
2016,Medina,3868,8,7829,16,48680
2016,Menard,185,8,683,31,2200
2016,Midland,8071,5,16246,10,163923
2016,Milam,2196,9,5003,20,24642
2016,Mills,526,11,1290,26,4874
2016,Mitchell,667,7,1521,16,9678
2016,Montague,1778,9,4299,22,19392
2016,Montgomery,27221,5,69225,13,545011
2016,Moore,968,4,2323,11,21713
2016,Morris,1141,9,2754,22,12649
2016,Motley,87,7,371,31,1186
2016,Nacogdoches,6124,10,9263,15,63583
2016,Navarro,4057,8,8191,17,47930
2016,Newton,1574,11,2658,19,13982
2016,Nolan,1473,10,2744,18,15430
2016,Nueces,25545,7,48889,13,365409
2016,Ochiltree,527,5,1169,11,10849
2016,Oldham,97,5,380,18,2152
2016,Orange,7332,9,13975,17,84466
2016,Palo Pinto,2560,9,5327,19,27978
2016,Panola,1823,7,4332,18,24321
2016,Parker,7952,6,20198,16,127694
2016,Parmer,639,7,1295,14,9590
2016,Pecos,892,5,2118,13,16219
2016,Polk,5492,12,9133,19,47485
2016,Potter,7882,6,15594,13,122365
2016,Presidio,502,8,1413,22,6552
2016,Rains,909,8,2649,24,11187
2016,Randall,7040,5,18776,14,130159
2016,Reagan,132,3,501,13,3831
2016,Real,273,8,1062,32,3370
2016,Red River,1097,9,3015,24,12741
2016,Reeves,743,5,1911,13,14869
2016,Refugio,777,10,1705,23,7505
2016,Roberts,62,6,204,21,964
2016,Robertson,1296,8,3166,19,16744
2016,Rockwall,4012,4,11185,12,92123
2016,Runnels,618,6,2338,22,10774
2016,Rusk,4119,8,8490,16,52986
2016,Sabine,1302,13,3028,29,10283
2016,San Augustine,1074,13,2255,26,8584
2016,San Jacinto,3220,12,5755,21,27842
2016,San Patricio,4670,7,10332,15,68542
2016,San Saba,424,7,1347,23,5925
2016,Schleicher,150,5,588,18,3292
2016,Scurry,1293,7,2594,15,17743
2016,Shackelford,303,9,655,19,3375
2016,Shelby,2446,10,4364,17,25582
2016,Sherman,242,8,506,16,3143
2016,Smith,15106,7,35603,16,225242
2016,Somervell,367,4,1725,19,8917
2016,Starr,5746,9,7545,12,63426
2016,Stephens,978,10,1874,20,9582
2016,Sterling,128,11,269,22,1209
2016,Stonewall,80,5,443,29,1506
2016,Sutton,160,4,792,19,4255
2016,Swisher,655,9,1415,19,7541
2016,Tarrant,110605,6,217220,11,2006888
2016,Taylor,10803,8,19426,14,136337
2016,Terrell,37,4,296,29,1031
2016,Terry,910,7,1970,15,12877
2016,Throckmorton,117,8,414,27,1551
2016,Titus,2125,6,4585,14,32805
2016,Tom Green,7952,7,17627,15,117499
2016,Travis,55604,5,104641,9,1184722
2016,Trinity,2043,14,3687,26,14404
2016,Tyler,3028,14,4540,21,21473
2016,Upshur,3636,9,7318,18,40659
2016,Upton,121,3,646,17,3711
2016,Uvalde,1789,7,4454,16,27181
2016,Val Verde,3520,7,6902,14,48564
2016,Van Zandt,4971,9,11144,21,54304
2016,Victoria,6536,7,13939,15,93015
2016,Walker,2848,4,8806,12,71016
2016,Waller,2859,6,5917,12,47553
2016,Ward,797,7,1747,14,12217
2016,Washington,2096,6,7001,20,34545
2016,Webb,15229,6,24226,9,265200
2016,Wharton,2801,7,6944,17,41709
2016,Wheeler,380,7,1164,21,5643
2016,Wichita,12439,9,19652,15,132433
2016,Wilbarger,1560,12,2399,18,13212
2016,Willacy,1906,9,2917,13,22184
2016,Williamson,26920,5,58279,11,517263
2016,Wilson,2872,6,7604,16,48091
2016,Winkler,407,5,1015,12,8278
2016,Wise,5918,9,9780,15,63146
2016,Wood,4261,10,11810,27,44009
2016,Yoakum,236,3,1103,13,8599
2016,Young,1279,7,3792,20,18603
2016,Zapata,1281,9,1772,12,14327
2016,Zavala,1588,13,1645,13,12275
2016,Unknown,,,,,
2016,Out of State,,,,,
2016,None Specified,,,,,
2015,Anderson,4315,7,8148,14,58408
2015,Andrews,943,5,1876,10,17952
2015,Angelina,8795,10,13397,15,88868
2015,Aransas,2734,11,6772,27,25302
2015,Archer,575,7,1599,18,8657
2015,Armstrong,136,7,510,26,1942
2015,Atascosa,2921,6,6850,14,48087
2015,Austin,1830,6,5268,18,29394
2015,Bailey,374,5,1034,14,7413
2015,Bandera,1581,8,5129,25,20830
2015,Bastrop,6427,8,11380,14,80082
2015,Baylor,271,7,884,24,3659
2015,Bee,3397,10,3858,12,33099
2015,Bell,26966,8,32014,10,332820
2015,Bexar,142573,8,216381,11,1897850
2015,Blanco,914,8,2541,23,10988
2015,Borden,45,7,182,28,660
2015,Bosque,1349,8,4272,24,17952
2015,Bowie,7427,8,14841,16,92594
2015,Brazoria,17719,5,37990,11,343497
2015,Brazos,9666,5,17511,8,209233
2015,Brewster,925,10,1800,20,9228
2015,Briscoe,60,4,421,26,1593
2015,Brooks,714,10,1391,19,7213
2015,Brown,2198,6,7724,20,38590
2015,Burleson,1255,7,3477,20,17458
2015,Burnet,4182,9,9573,21,45389
2015,Caldwell,3147,8,5574,14,41044
2015,Calhoun,1926,9,3704,17,22144
2015,Callahan,1143,8,2791,21,13463
2015,Cameron,25899,6,52548,13,418541
2015,Camp,900,7,2241,17,12863
2015,Carson,284,5,1047,18,5952
2015,Cass,2710,9,6652,22,30486
2015,Castro,311,4,1131,15,7549
2015,Chambers,3061,8,4386,11,38356
2015,Cherokee,3677,7,8388,16,51614
2015,Childress,647,9,1107,16,7071
2015,Clay,935,9,2121,21,10260
2015,Cochran,269,8,504,16,3189
2015,Coke,153,5,892,27,3268
2015,Coleman,513,6,2126,24,8696
2015,Collin,29598,3,88061,10,904421
2015,Collingsworth,216,7,582,19,3106
2015,Colorado,1225,6,4435,21,21046
2015,Comal,8573,7,22178,18,126054
2015,Comanche,1027,8,3148,23,13521
2015,Concho,239,6,715,17,4102
2015,Cooke,3169,8,6986,18,39082
2015,Coryell,6735,9,6485,8,76750
2015,Cottle,118,8,406,27,1503
2015,Crane,189,4,654,13,5190
2015,Crockett,151,4,710,18,3887
2015,Crosby,519,8,1217,20,6235
2015,Culberson,291,13,469,20,2319
2015,Dallam,589,8,658,9,6943
2015,Dallas,132414,5,248167,10,2551029
2015,Dawson,941,7,2022,15,13671
2015,Deaf Smith,1045,6,2188,12,18697
2015,Delta,550,10,1217,23,5299
2015,Denton,34019,4,68948,9,771688
2015,DeWitt,1557,7,4099,20,20855
2015,Dickens,237,10,528,23,2258
2015,Dimmit,1188,11,1668,15,10769
2015,Donley,272,8,824,23,3524
2015,Duval,1598,14,2133,18,11824
2015,Eastland,2167,12,3981,22,18411
2015,Ector,11663,7,15897,10,158753
2015,Edwards,90,5,518,26,1997
2015,Ellis,10554,6,19669,12,163301
2015,El Paso,59107,7,97922,12,839545
2015,Erath,1885,5,5544,14,39471
2015,Falls,1696,10,3041,18,17223
2015,Fannin,3045,9,6603,19,34231
2015,Fayette,1450,6,5933,24,25219
2015,Fisher,226,6,960,24,3963
2015,Floyd,348,6,1185,20,6031
2015,Foard,201,16,342,27,1270
2015,Fort Bend,27170,4,68062,10,702044
2015,Franklin,1259,12,2113,20,10730
2015,Freestone,1635,8,3667,18,19847
2015,Frio,1591,9,2373,13,18565
2015,Gaines,1291,7,1948,10,19735
2015,Galveston,23028,7,41971,13,322292
2015,Garza,488,7,755,11,6615
2015,Gillespie,1343,5,7114,28,25393
2015,Glasscock,8,1,241,19,1290
2015,Goliad,664,9,1714,23,7485
2015,Gonzales,2069,10,3471,17,20651
2015,Gray,1949,8,3646,16,23242
2015,Grayson,10701,8,21867,17,126409
2015,Gregg,9133,7,17934,14,124043
2015,Grimes,1774,6,4533,16,27755
2015,Guadalupe,9861,7,19759,13,149395
2015,Hale,2006,6,4540,13,34731
2015,Hall,271,8,794,24,3303
2015,Hamilton,1003,12,2079,25,8338
2015,Hansford,348,6,864,15,5698
2015,Hardeman,511,13,771,19,3963
2015,Hardin,4521,8,8752,16,55738
2015,Harris,229571,5,420825,9,4527909
2015,Harrison,4043,6,10350,15,67021
2015,Hartley,175,3,869,14,6029
2015,Haskell,836,14,1296,22,5983
2015,Hays,10719,6,20634,11,191851
2015,Hemphill,234,6,573,14,4151
2015,Henderson,7223,9,17047,21,80005
2015,Hidalgo,54917,7,86199,10,822205
2015,Hill,3033,9,7181,20,35475
2015,Hockley,1731,7,3331,14,23723
2015,Hood,3612,7,13178,24,54870
2015,Hopkins,3261,9,6536,18,36161
2015,Houston,2067,9,4724,20,23135
2015,Howard,4107,11,4789,13,37856
2015,Hudspeth,450,13,627,18,3410
2015,Hunt,8447,9,14278,16,90372
2015,Hutchinson,1936,9,3351,15,21747
2015,Irion,55,4,361,23,1537
2015,Jack,988,11,1467,16,8933
2015,Jackson,1111,7,2575,17,14965
2015,Jasper,3570,10,6695,19,35716
2015,Jeff Davis,240,11,671,31,2198
2015,Jefferson,18467,7,34596,14,255300
2015,Jim Hogg,501,10,884,17,5190
2015,Jim Wells,3333,8,6187,15,41884
2015,Johnson,9539,6,22038,14,161209
2015,Jones,2393,12,2957,15,19905
2015,Karnes,1518,10,2244,15,15034
2015,Kaufman,7903,7,14112,12,113657
2015,Kendall,2706,7,7604,19,39084
2015,Kenedy,22,5,92,21,445
2015,Kent,66,8,241,31,789
2015,Kerr,4420,9,13278,26,50864
2015,Kimble,337,8,1209,27,4464
2015,King,14,5,51,17,295
2015,Kinney,253,7,874,25,3486
2015,Kleberg,2382,8,4118,13,31225
2015,Knox,285,7,833,22,3813
2015,Lamar,3855,8,9426,19,49980
2015,Lamb,824,6,2335,17,13356
2015,Lampasas,1681,8,3810,19,20295
2015,La Salle,680,9,1177,16,7556
2015,Lavaca,1501,8,4327,22,19818
2015,Lee,1359,8,3032,18,17102
2015,Leon,1199,7,4009,23,17227
2015,Liberty,8381,10,10727,13,80287
2015,Limestone,1869,8,4204,18,23481
2015,Lipscomb,188,5,591,17,3459
2015,Live Oak,769,7,2432,21,11748
2015,Llano,1504,8,6459,33,19348
2015,Loving,6,7,20,23,87
2015,Lubbock,23155,8,36021,12,295763
2015,Lynn,520,9,955,17,5716
2015,Madison,1223,9,2129,15,14054
2015,Marion,1173,11,2541,24,10458
2015,Martin,342,6,767,14,5367
2015,Mason,193,5,1123,29,3928
2015,Matagorda,2786,8,5877,16,36932
2015,Maverick,5020,9,6809,12,57107
2015,McCulloch,655,8,1904,23,8448
2015,McLennan,15480,6,33106,14,243882
2015,McMullen,48,6,228,31,746
2015,Medina,4017,8,7583,16,48221
2015,Menard,200,9,667,30,2199
2015,Midland,9107,6,15930,10,158745
2015,Milam,2571,10,4846,20,24634
2015,Mills,322,7,1260,26,4875
2015,Mitchell,986,10,1463,15,9622
2015,Montague,1645,8,4260,22,19446
2015,Montgomery,29499,6,65390,12,529079
2015,Moore,1430,7,2283,11,21734
2015,Morris,1489,12,2720,21,12698
2015,Motley,126,11,367,31,1191
2015,Nacogdoches,5052,8,8954,14,63548
2015,Navarro,4849,10,8016,17,47908
2015,Newton,1610,11,2626,19,14051
2015,Nolan,1443,9,2713,18,15376
2015,Nueces,27503,8,47529,13,360992
2015,Ochiltree,427,4,1150,11,10737
2015,Oldham,136,6,365,17,2140
2015,Orange,7416,9,13526,16,84037
2015,Palo Pinto,2666,10,5240,19,27979
2015,Panola,2057,8,4206,17,24238
2015,Parker,7988,6,19163,15,125811
2015,Parmer,588,6,1281,13,9697
2015,Pecos,891,6,2060,13,16119
2015,Polk,5707,12,9018,19,47077
2015,Potter,8087,7,15135,12,122204
2015,Presidio,617,9,1415,21,6726
2015,Rains,1087,10,2594,23,11147
2015,Randall,6409,5,18108,14,128364
2015,Reagan,186,5,458,12,3739
2015,Real,175,5,1044,31,3364
2015,Red River,1461,11,2954,23,12770
2015,Reeves,948,6,1880,13,14686
2015,Refugio,711,10,1673,22,7475
2015,Roberts,81,8,196,21,955
2015,Robertson,1323,8,3110,19,16713
2015,Rockwall,3841,4,10512,12,89731
2015,Runnels,456,4,2296,21,10726
2015,Rusk,4251,8,8361,16,53046
2015,Sabine,975,9,3031,29,10372
2015,San Augustine,1291,15,2229,26,8631
2015,San Jacinto,2529,9,5595,20,27583
2015,San Patricio,5387,8,10037,15,67868
2015,San Saba,497,8,1311,22,5945
2015,Schleicher,158,5,561,17,3296
2015,Scurry,1128,6,2536,14,17598
2015,Shackelford,309,9,652,19,3370
2015,Shelby,1934,8,4292,17,25552
2015,Sherman,344,11,488,16,3120
2015,Smith,14228,6,34630,16,222690
2015,Somervell,505,6,1645,19,8832
2015,Starr,5794,9,7352,12,63044
2015,Stephens,694,7,1857,19,9589
2015,Sterling,57,5,261,22,1199
2015,Stonewall,127,8,428,29,1498
2015,Sutton,124,3,751,18,4221
2015,Swisher,689,9,1393,18,7576
2015,Tarrant,112461,6,207562,11,1973526
2015,Taylor,11504,8,19045,14,135587
2015,Terrell,42,4,286,28,1022
2015,Terry,1204,9,1935,15,12834
2015,Throckmorton,71,5,416,27,1556
2015,Titus,2485,8,4426,14,32731
2015,Tom Green,8673,7,17223,15,116140
2015,Travis,58251,5,98848,9,1157447
2015,Trinity,1972,14,3618,25,14429
2015,Tyler,2746,13,4467,21,21503
2015,Upshur,4234,10,7111,18,40422
2015,Upton,264,7,629,17,3645
2015,Uvalde,1893,7,4401,16,27040
2015,Val Verde,2827,6,6765,14,48649
2015,Van Zandt,4847,9,10875,20,54009
2015,Victoria,7061,8,13570,15,91894
2015,Walker,3268,5,8496,12,70407
2015,Waller,3550,8,5672,12,46782
2015,Ward,1004,8,1720,14,11914
2015,Washington,2512,7,6864,20,34373
2015,Webb,15867,6,23419,9,262486
2015,Wharton,2657,6,6719,16,41645
2015,Wheeler,331,6,1130,20,5599
2015,Wichita,10558,8,19171,15,132213
2015,Wilbarger,1362,10,2350,18,13266
2015,Willacy,2306,10,2874,13,22166
2015,Williamson,26029,5,54438,11,500485
2015,Wilson,3068,6,7237,15,47206
2015,Winkler,594,7,983,12,8062
2015,Wise,5893,9,9391,15,62467
2015,Wood,4078,9,11592,27,43677
2015,Yoakum,568,7,1055,12,8449
2015,Young,1383,7,3727,20,18571
2015,Zapata,1030,7,1727,12,14282
2015,Zavala,1359,11,1611,13,12180
2015,Unknown,,,,,
2015,Out of State,,,,,
2015,None Specified,,,,,
2014,Anderson,4329,7,7974,14,58428
2014,Andrews,905,5,1817,11,17229
2014,Angelina,8770,10,13104,15,88489
2014,Aransas,2709,11,6518,26,24851
2014,Archer,582,7,1552,18,8725
2014,Armstrong,138,7,487,25,1928
2014,Atascosa,2877,6,6625,14,47394
2014,Austin,1828,6,5131,18,29208
2014,Bailey,372,5,1026,14,7356
2014,Bandera,1586,8,4954,24,20763
2014,Bastrop,6366,8,10790,14,78891
2014,Baylor,273,7,890,24,3669
2014,Bee,3380,10,3794,12,32839
2014,Bell,26764,8,30926,9,328465
2014,Bexar,139911,8,207451,11,1860266
2014,Blanco,917,8,2405,22,10886
2014,Borden,47,7,166,25,656
2014,Bosque,1363,8,4191,23,17998
2014,Bowie,7433,8,14537,16,92584
2014,Brazoria,17423,5,36206,11,337303
2014,Brazos,9582,5,16758,8,206096
2014,Brewster,940,10,1729,19,9230
2014,Briscoe,60,4,415,26,1600
2014,Brooks,718,10,1370,19,7221
2014,Brown,2204,6,7513,20,38495
2014,Burleson,1260,7,3379,19,17414
2014,Burnet,4145,9,9305,21,44838
2014,Caldwell,3110,8,5353,13,40432
2014,Calhoun,1911,9,3638,17,21996
2014,Callahan,1147,9,2727,20,13488
2014,Cameron,25756,6,50877,12,416308
2014,Camp,893,7,2182,17,12758
2014,Carson,283,5,1051,18,5989
2014,Cass,2732,9,6495,21,30489
2014,Castro,313,4,1125,15,7637
2014,Chambers,3008,8,4208,11,37652
2014,Cherokee,3679,7,8224,16,51438
2014,Childress,644,9,1100,16,7062
2014,Clay,946,9,2089,20,10361
2014,Cochran,268,8,493,16,3165
2014,Coke,153,5,889,27,3278
2014,Coleman,520,6,2097,24,8730
2014,Collin,28777,3,82153,9,879201
2014,Collingsworth,214,7,577,19,3093
2014,Colorado,1230,6,4343,21,21009
2014,Comal,8342,7,21040,17,122263
2014,Comanche,1041,8,3105,23,13607
2014,Concho,241,6,684,17,4095
2014,Cooke,3162,8,6798,17,38942
2014,Coryell,6700,9,6348,8,76474
2014,Cottle,118,8,396,26,1501
2014,Crane,183,4,612,12,5010
2014,Crockett,151,4,672,17,3849
2014,Crosby,515,8,1189,19,6182
2014,Culberson,295,13,443,19,2330
2014,Dallam,587,9,642,9,6884
2014,Dallas,130766,5,239477,10,2514350
2014,Dawson,943,7,2025,15,13697
2014,Deaf Smith,1053,6,2171,12,18813
2014,Delta,554,10,1179,22,5281
2014,Denton,33021,4,63750,9,748901
2014,DeWitt,1547,7,4019,19,20693
2014,Dickens,241,11,517,23,2283
2014,Dimmit,1172,11,1633,15,10598
2014,Donley,274,8,812,23,3542
2014,Duval,1607,14,2100,18,11819
2014,Eastland,2182,12,3928,21,18445
2014,Ector,11336,7,15396,10,154070
2014,Edwards,92,5,504,25,1995
2014,Ellis,10376,6,18681,12,160531
2014,El Paso,58633,7,94558,11,831949
2014,Erath,1876,5,5369,14,39123
2014,Falls,1715,10,2998,17,17347
2014,Fannin,3053,9,6428,19,34147
2014,Fayette,1451,6,5796,23,25067
2014,Fisher,228,6,937,24,3952
2014,Floyd,351,6,1170,19,6090
2014,Foard,202,16,342,27,1274
2014,Fort Bend,26242,4,61946,9,677179
2014,Franklin,1261,12,2093,20,10700
2014,Freestone,1649,8,3559,18,19830
2014,Frio,1577,9,2258,12,18282
2014,Gaines,1264,7,1866,10,19269
2014,Galveston,22673,7,39953,13,315903
2014,Garza,488,7,738,11,6580
2014,Gillespie,1339,5,7003,28,25273
2014,Glasscock,8,1,219,17,1273
2014,Goliad,664,9,1640,22,7420
2014,Gonzales,2055,10,3399,17,20473
2014,Gray,1935,8,3629,16,23083
2014,Grayson,10653,9,21221,17,125302
2014,Gregg,9141,7,17608,14,123613
2014,Grimes,1777,6,4330,16,27526
2014,Guadalupe,9618,7,18794,13,145580
2014,Hale,2030,6,4515,13,35055
2014,Hall,270,8,786,24,3303
2014,Hamilton,1005,12,2092,25,8370
2014,Hansford,346,6,851,15,5669
2014,Hardeman,513,13,781,20,3983
2014,Hardin,4511,8,8473,15,55546
2014,Harris,225544,5,401583,9,4439257
2014,Harrison,4051,6,10050,15,66764
2014,Hartley,175,3,850,14,6020
2014,Haskell,835,14,1277,21,5952
2014,Hays,10346,6,18942,10,184417
2014,Hemphill,232,6,558,14,4073
2014,Henderson,7224,9,16654,21,79723
2014,Hidalgo,54091,7,82954,10,812661
2014,Hill,3047,9,6981,20,35396
2014,Hockley,1722,7,3258,14,23530
2014,Hood,3587,7,12692,23,54101
2014,Hopkins,3261,9,6322,18,35958
2014,Houston,2084,9,4722,20,23236
2014,Howard,4050,11,4732,13,37225
2014,Hudspeth,451,13,594,17,3411
2014,Hunt,8380,9,13823,15,89458
2014,Hutchinson,1944,9,3325,15,21823
2014,Irion,56,4,348,23,1546
2014,Jack,990,11,1459,16,8949
2014,Jackson,1099,7,2510,17,14777
2014,Jasper,3592,10,6515,18,35727
2014,Jeff Davis,245,11,653,30,2212
2014,Jefferson,18484,7,33848,13,254671
2014,Jim Hogg,505,10,870,17,5210
2014,Jim Wells,3334,8,6012,14,41678
2014,Johnson,9441,6,21179,13,159112
2014,Jones,2399,12,2936,15,19955
2014,Karnes,1518,10,2217,15,14978
2014,Kaufman,7766,7,13343,12,111494
2014,Kendall,2633,7,7180,19,37826
2014,Kenedy,21,5,89,20,439
2014,Kent,67,8,237,30,792
2014,Kerr,4417,9,13103,26,50604
2014,Kimble,343,8,1183,26,4487
2014,King,14,5,45,15,292
2014,Kinney,253,7,875,25,3499
2014,Kleberg,2399,8,4020,13,31366
2014,Knox,285,8,820,22,3786
2014,Lamar,3874,8,9164,18,49938
2014,Lamb,831,6,2314,17,13474
2014,Lampasas,1678,8,3652,18,20169
2014,La Salle,670,9,1119,15,7421
2014,Lavaca,1496,8,4276,22,19683
2014,Lee,1355,8,2950,17,17007
2014,Leon,1201,7,3924,23,17123
2014,Liberty,8330,11,10240,13,79318
2014,Limestone,1873,8,4121,18,23463
2014,Lipscomb,186,5,569,17,3425
2014,Live Oak,771,7,2379,20,11688
2014,Llano,1516,8,6355,33,19323
2014,Loving,6,7,20,23,86
2014,Lubbock,22949,8,34868,12,292195
2014,Lynn,520,9,943,16,5737
2014,Madison,1220,9,2091,15,13960
2014,Marion,1188,11,2486,24,10478
2014,Martin,334,6,727,14,5237
2014,Mason,196,5,1101,28,3949
2014,Matagorda,2800,8,5699,15,36887
2014,Maverick,4970,9,6554,12,56529
2014,McCulloch,652,8,1872,22,8393
2014,McLennan,15427,6,32262,13,242012
2014,McMullen,48,7,220,30,738
2014,Medina,3980,8,7366,15,47769
2014,Menard,205,9,653,30,2206
2014,Midland,8818,6,15648,10,153832
2014,Milam,2581,10,4746,19,24653
2014,Mills,323,7,1232,25,4879
2014,Mitchell,992,10,1409,15,9581
2014,Montague,1658,8,4211,22,19508
2014,Montgomery,28671,6,61618,12,513529
2014,Moore,1431,7,2232,10,21762
2014,Morris,1500,12,2689,21,12743
2014,Motley,127,11,361,30,1197
2014,Nacogdoches,5081,8,8633,14,63644
2014,Navarro,4860,10,7766,16,47876
2014,Newton,1618,11,2577,18,14117
2014,Nolan,1446,9,2656,17,15334
2014,Nueces,27245,8,46187,13,356712
2014,Ochiltree,422,4,1133,11,10626
2014,Oldham,133,6,345,16,2120
2014,Orange,7401,9,13099,16,83588
2014,Palo Pinto,2683,10,5101,18,28006
2014,Panola,2064,9,4104,17,24155
2014,Parker,7910,6,18173,15,123954
2014,Parmer,595,6,1263,13,9801
2014,Pecos,887,6,2006,13,15984
2014,Polk,5654,12,8909,19,46700
2014,Potter,8083,7,14697,12,121993
2014,Presidio,638,9,1411,20,6918
2014,Rains,1085,10,2541,23,11102
2014,Randall,6349,5,17438,14,126686
2014,Reagan,181,5,439,12,3655
2014,Real,176,5,1018,30,3357
2014,Red River,1470,11,2919,23,12789
2014,Reeves,936,6,1828,13,14483
2014,Refugio,713,10,1641,22,7454
2014,Roberts,81,9,189,20,946
2014,Robertson,1323,8,3056,18,16704
2014,Rockwall,3734,4,9836,11,87381
2014,Runnels,454,4,2246,21,10674
2014,Rusk,4270,8,8192,15,53097
2014,Sabine,990,9,3017,29,10462
2014,San Augustine,1307,15,2194,25,8660
2014,San Jacinto,2531,9,5366,20,27337
2014,San Patricio,5344,8,9710,14,67203
2014,San Saba,498,8,1293,22,5965
2014,Schleicher,160,5,533,16,3305
2014,Scurry,1114,6,2520,14,17441
2014,Shackelford,312,9,627,19,3356
2014,Shelby,1946,8,4210,16,25542
2014,Sherman,342,11,476,15,3096
2014,Smith,14108,6,33531,15,220076
2014,Somervell,502,6,1545,18,8744
2014,Starr,5765,9,7107,11,62651
2014,Stephens,698,7,1820,19,9583
2014,Sterling,57,5,246,21,1189
2014,Stonewall,128,9,417,28,1494
2014,Sutton,123,3,727,17,4187
2014,Swisher,691,9,1380,18,7613
2014,Tarrant,110661,6,197673,10,1940281
2014,Taylor,11481,9,18721,14,134797
2014,Terrell,42,4,264,26,1009
2014,Terry,1203,9,1915,15,12790
2014,Throckmorton,72,5,413,26,1571
2014,Titus,2484,8,4282,13,32663
2014,Tom Green,8605,7,16745,15,114841
2014,Travis,57034,5,93168,8,1130447
2014,Trinity,1988,14,3552,25,14459
2014,Tyler,2764,13,4416,20,21547
2014,Upshur,4215,10,6924,17,40201
2014,Upton,260,7,600,17,3583
2014,Uvalde,1877,7,4319,16,26870
2014,Val Verde,2835,6,6674,14,48718
2014,Van Zandt,4838,9,10621,20,53704
2014,Victoria,6973,8,13170,15,90819
2014,Walker,3271,5,8087,12,69862
2014,Waller,3493,8,5429,12,46013
2014,Ward,981,8,1681,14,11630
2014,Washington,2517,7,6711,20,34207
2014,Webb,15633,6,22581,9,259968
2014,Wharton,2667,6,6531,16,41583
2014,Wheeler,330,6,1108,20,5562
2014,Wichita,10566,8,18723,14,132009
2014,Wilbarger,1367,10,2323,17,13301
2014,Willacy,2306,10,2810,13,22154
2014,Williamson,25182,5,50681,10,484096
2014,Wilson,3021,7,6818,15,46322
2014,Winkler,577,7,956,12,7844
2014,Wise,5845,9,8957,14,61785
2014,Wood,4066,9,11345,26,43328
2014,Yoakum,561,7,1030,12,8318
2014,Young,1394,8,3659,20,18561
2014,Zapata,1029,7,1686,12,14240
2014,Zavala,1356,11,1560,13,12065
2014,Unknown,,,,,
2014,Out of State,,,,,
2014,None Specified,,,,,
2013,Anderson,4348,7,7789,13,58453
2013,Andrews,871,5,1755,11,16556
2013,Angelina,8761,10,12746,14,88085
2013,Aransas,2676,11,6283,26,24407
2013,Archer,586,7,1523,17,8794
2013,Armstrong,140,7,455,24,1919
2013,Atascosa,2834,6,6395,14,46746
2013,Austin,1822,6,4956,17,29004
2013,Bailey,368,5,1020,14,7307
2013,Bandera,1592,8,4743,23,20685
2013,Bastrop,6301,8,10223,13,77707
2013,Baylor,275,7,894,24,3674
2013,Bee,3359,10,3720,11,32579
2013,Bell,26533,8,29856,9,324039
2013,Bexar,137298,8,198789,11,1823167
2013,Blanco,915,8,2291,21,10781
2013,Borden,46,7,157,24,650
2013,Bosque,1375,8,4105,23,18034
2013,Bowie,7439,8,14177,15,92576
2013,Brazoria,17134,5,34447,10,331171
2013,Brazos,9515,5,16139,8,203284
2013,Brewster,950,10,1674,18,9222
2013,Briscoe,61,4,402,25,1602
2013,Brooks,719,10,1340,19,7219
2013,Brown,2215,6,7250,19,38399
2013,Burleson,1261,7,3294,19,17362
2013,Burnet,4119,9,8946,20,44285
2013,Caldwell,3075,8,5130,13,39806
2013,Calhoun,1905,9,3531,16,21840
2013,Callahan,1149,9,2655,20,13503
2013,Cameron,25580,6,49327,12,413943
2013,Camp,889,7,2124,17,12660
2013,Carson,285,5,1037,17,6036
2013,Cass,2753,9,6343,21,30495
2013,Castro,316,4,1125,15,7727
2013,Chambers,2953,8,4001,11,36973
2013,Cherokee,3683,7,8076,16,51282
2013,Childress,645,9,1100,16,7060
2013,Clay,957,9,2044,20,10456
2013,Cochran,267,8,476,15,3142
2013,Coke,155,5,871,27,3285
2013,Coleman,528,6,2048,23,8762
2013,Collin,27989,3,76253,9,854441
2013,Collingsworth,212,7,569,18,3076
2013,Colorado,1236,6,4257,20,20964
2013,Comal,8124,7,19941,17,118614
2013,Comanche,1058,8,3051,22,13689
2013,Concho,243,6,645,16,4088
2013,Cooke,3154,8,6593,17,38792
2013,Coryell,6669,9,6198,8,76245
2013,Cottle,118,8,388,26,1496
2013,Crane,177,4,584,12,4831
2013,Crockett,151,4,639,17,3813
2013,Crosby,516,8,1140,19,6134
2013,Culberson,298,13,422,18,2348
2013,Dallam,585,9,630,9,6821
2013,Dallas,129097,5,230991,9,2477724
2013,Dawson,944,7,2008,15,13718
2013,Deaf Smith,1061,6,2155,11,18947
2013,Delta,555,11,1143,22,5258
2013,Denton,32057,4,58932,8,726618
2013,DeWitt,1541,8,3917,19,20526
2013,Dickens,245,11,505,22,2311
2013,Dimmit,1163,11,1556,15,10420
2013,Donley,280,8,791,22,3562
2013,Duval,1615,14,2055,17,11809
2013,Eastland,2188,12,3908,21,18458
2013,Ector,11020,7,15003,10,149560
2013,Edwards,91,5,494,25,1988
2013,Ellis,10188,6,17708,11,157767
2013,El Paso,58069,7,91265,11,824296
2013,Erath,1865,5,5231,13,38792
2013,Falls,1735,10,2966,17,17479
2013,Fannin,3068,9,6216,18,34075
2013,Fayette,1451,6,5644,23,24934
2013,Fisher,229,6,924,23,3946
2013,Floyd,357,6,1155,19,6159
2013,Foard,207,16,335,26,1285
2013,Fort Bend,25311,4,56497,9,653147
2013,Franklin,1266,12,2055,19,10668
2013,Freestone,1655,8,3490,18,19823
2013,Frio,1563,9,2166,12,18006
2013,Gaines,1234,7,1778,9,18813
2013,Galveston,22308,7,38058,12,309571
2013,Garza,486,7,725,11,6541
2013,Gillespie,1332,5,6934,28,25153
2013,Glasscock,8,1,208,16,1261
2013,Goliad,667,9,1565,21,7359
2013,Gonzales,2054,10,3278,16,20306
2013,Gray,1923,8,3622,16,22924
2013,Grayson,10601,9,20651,17,124167
2013,Gregg,9136,7,17314,14,123148
2013,Grimes,1770,6,4163,15,27286
2013,Guadalupe,9373,7,17869,13,141895
2013,Hale,2048,6,4465,13,35355
2013,Hall,268,8,783,24,3306
2013,Hamilton,1014,12,2083,25,8399
2013,Hansford,346,6,826,15,5647
2013,Hardeman,516,13,786,20,4019
2013,Hardin,4502,8,8194,15,55331
2013,Harris,221473,5,383497,9,4351290
2013,Harrison,4062,6,9725,15,66482
2013,Hartley,175,3,832,14,6018
2013,Haskell,827,14,1277,22,5926
2013,Hays,9976,6,17446,10,177267
2013,Hemphill,230,6,546,14,3993
2013,Henderson,7219,9,16277,20,79425
2013,Hidalgo,53198,7,80060,10,803166
2013,Hill,3055,9,6839,19,35328
2013,Hockley,1720,7,3162,14,23349
2013,Hood,3562,7,12244,23,53357
2013,Hopkins,3263,9,6064,17,35755
2013,Houston,2097,9,4691,20,23335
2013,Howard,3990,11,4662,13,36614
2013,Hudspeth,452,13,561,16,3419
2013,Hunt,8313,9,13362,15,88570
2013,Hutchinson,1950,9,3300,15,21897
2013,Irion,56,4,332,21,1550
2013,Jack,996,11,1432,16,8969
2013,Jackson,1087,7,2478,17,14596
2013,Jasper,3608,10,6363,18,35725
2013,Jeff Davis,252,11,618,28,2228
2013,Jefferson,18471,7,33317,13,254084
2013,Jim Hogg,510,10,855,16,5230
2013,Jim Wells,3328,8,5827,14,41450
2013,Johnson,9356,6,20210,13,157027
2013,Jones,2405,12,2902,15,20009
2013,Karnes,1521,10,2185,15,14926
2013,Kaufman,7623,7,12602,12,109360
2013,Kendall,2556,7,6774,18,36647
2013,Kenedy,22,5,83,19,434
2013,Kent,67,8,238,30,799
2013,Kerr,4410,9,12875,26,50330
2013,Kimble,349,8,1146,25,4513
2013,King,14,5,43,15,289
2013,Kinney,253,7,884,25,3515
2013,Kleberg,2412,8,3946,13,31539
2013,Knox,282,7,820,22,3763
2013,Lamar,3893,8,8885,18,49910
2013,Lamb,839,6,2293,17,13598
2013,Lampasas,1671,8,3514,18,20035
2013,La Salle,662,9,1065,15,7284
2013,Lavaca,1492,8,4230,22,19562
2013,Lee,1346,8,2870,17,16906
2013,Leon,1203,7,3846,23,17021
2013,Liberty,8273,11,9785,12,78374
2013,Limestone,1875,8,4050,17,23430
2013,Lipscomb,185,5,547,16,3397
2013,Live Oak,770,7,2340,20,11632
2013,Llano,1521,8,6303,33,19319
2013,Loving,6,7,19,22,85
2013,Lubbock,22771,8,33702,12,288773
2013,Lynn,525,9,928,16,5766
2013,Madison,1222,9,2027,15,13865
2013,Marion,1198,11,2437,23,10490
2013,Martin,327,6,692,14,5122
2013,Mason,199,5,1064,27,3958
2013,Matagorda,2800,8,5583,15,36837
2013,Maverick,4896,9,6375,11,55961
2013,McCulloch,653,8,1814,22,8352
2013,McLennan,15394,6,31346,13,240212
2013,McMullen,49,7,207,28,730
2013,Medina,3948,8,7069,15,47316
2013,Menard,208,9,631,29,2209
2013,Midland,8535,6,15477,10,149190
2013,Milam,2588,10,4642,19,24657
2013,Mills,324,7,1206,25,4889
2013,Mitchell,992,10,1377,14,9537
2013,Montague,1675,9,4124,21,19549
2013,Montgomery,27864,6,57924,12,498464
2013,Moore,1430,7,2193,10,21790
2013,Morris,1515,12,2624,21,12788
2013,Motley,130,11,347,29,1199
2013,Nacogdoches,5109,8,8378,13,63845
2013,Navarro,4862,10,7520,16,47843
2013,Newton,1629,11,2498,18,14184
2013,Nolan,1447,9,2616,17,15300
2013,Nueces,26972,8,44805,13,352497
2013,Ochiltree,416,4,1114,11,10514
2013,Oldham,130,6,320,15,2107
2013,Orange,7378,9,12678,15,83138
2013,Palo Pinto,2680,10,5026,18,28019
2013,Panola,2071,9,4023,17,24063
2013,Parker,7822,6,17180,14,122108
2013,Parmer,600,6,1258,13,9913
2013,Pecos,883,6,1971,12,15863
2013,Polk,5596,12,8795,19,46336
2013,Potter,8072,7,14281,12,121780
2013,Presidio,658,9,1401,20,7120
2013,Rains,1085,10,2461,22,11053
2013,Randall,6289,5,16799,13,125035
2013,Reagan,177,5,425,12,3575
2013,Real,179,5,974,29,3340
2013,Red River,1474,12,2883,23,12807
2013,Reeves,926,6,1782,12,14292
2013,Refugio,715,10,1601,22,7421
2013,Roberts,81,9,183,20,938
2013,Robertson,1323,8,2973,18,16666
2013,Rockwall,3621,4,9202,11,85092
2013,Runnels,451,4,2208,21,10621
2013,Rusk,4291,8,8018,15,53154
2013,Sabine,999,9,3016,29,10551
2013,San Augustine,1318,15,2175,25,8709
2013,San Jacinto,2518,9,5156,19,27081
2013,San Patricio,5298,8,9385,14,66556
2013,San Saba,501,8,1280,21,5989
2013,Schleicher,163,5,506,15,3327
2013,Scurry,1108,6,2483,14,17304
2013,Shackelford,314,9,612,18,3347
2013,Shelby,1951,8,4166,16,25503
2013,Sherman,337,11,466,15,3070
2013,Smith,13955,6,32669,15,217455
2013,Somervell,500,6,1454,17,8662
2013,Starr,5707,9,6890,11,62242
2013,Stephens,701,7,1786,19,9580
2013,Sterling,58,5,228,19,1178
2013,Stonewall,131,9,394,26,1487
2013,Sutton,123,3,686,17,4155
2013,Swisher,697,9,1369,18,7662
2013,Tarrant,108834,6,188167,10,1907230
2013,Taylor,11459,9,18331,14,134004
2013,Terrell,43,4,250,25,1000
2013,Terry,1204,9,1892,15,12754
2013,Throckmorton,73,5,410,26,1582
2013,Titus,2475,8,4145,13,32570
2013,Tom Green,8519,7,16426,14,113593
2013,Travis,55776,5,88110,8,1103585
2013,Trinity,2001,14,3466,24,14482
2013,Tyler,2778,13,4370,20,21602
2013,Upshur,4199,11,6748,17,39968
2013,Upton,259,7,570,16,3519
2013,Uvalde,1863,7,4211,16,26741
2013,Val Verde,2843,6,6517,13,48767
2013,Van Zandt,4827,9,10371,19,53399
2013,Victoria,6882,8,12778,14,89755
2013,Walker,3267,5,7795,11,69367
2013,Waller,3451,8,5146,11,45249
2013,Ward,959,8,1639,14,11347
2013,Washington,2516,7,6602,19,34048
2013,Webb,15393,6,21784,8,257514
2013,Wharton,2676,6,6366,15,41515
2013,Wheeler,329,6,1085,20,5520
2013,Wichita,10572,8,18300,14,131748
2013,Wilbarger,1375,10,2280,17,13344
2013,Willacy,2314,10,2723,12,22154
2013,Williamson,24364,5,47231,10,468146
2013,Wilson,2967,7,6436,14,45454
2013,Winkler,563,7,933,12,7645
2013,Wise,5789,9,8596,14,61121
2013,Wood,4061,9,11063,26,42984
2013,Yoakum,554,7,991,12,8188
2013,Young,1394,8,3623,20,18555
2013,Zapata,1027,7,1623,11,14183
2013,Zavala,1353,11,1507,13,11960
2013,Unknown,,,,,
2013,Out of State,,,,,
2013,None Specified,,,,,
2012,Anderson,5427,9,7618,13,58457
2012,Andrews,923,6,1714,11,15919
2012,Angelina,8095,9,12443,14,87642
2012,Aransas,2379,10,6029,25,23981
2012,Archer,557,6,1496,17,8875
2012,Armstrong,109,6,426,22,1913
2012,Atascosa,4084,9,6186,13,46113
2012,Austin,1348,5,4743,16,28791
2012,Bailey,474,7,1003,14,7246
2012,Bandera,2086,10,4504,22,20612
2012,Bastrop,4704,6,9573,13,76532
2012,Baylor,312,8,910,25,3679
2012,Bee,3988,12,3576,11,32335
2012,Bell,22936,7,28766,9,319503
2012,Bexar,132741,7,190013,11,1786596
2012,Blanco,726,7,2137,20,10683
2012,Borden,25,4,144,22,646
2012,Bosque,1481,8,4009,22,18076
2012,Bowie,7960,9,13708,15,92565
2012,Brazoria,18962,6,32673,10,325104
2012,Brazos,10461,5,15348,8,200754
2012,Brewster,843,9,1627,18,9219
2012,Briscoe,85,5,391,24,1610
2012,Brooks,1176,16,1308,18,7215
2012,Brown,2472,6,7048,18,38310
2012,Burleson,1688,10,3204,19,17297
2012,Burnet,4187,10,8593,20,43762
2012,Caldwell,3636,9,4892,12,39200
2012,Calhoun,2219,10,3413,16,21685
2012,Callahan,1113,8,2573,19,13515
2012,Cameron,26024,6,47654,12,411458
2012,Camp,1253,10,2077,17,12554
2012,Carson,309,5,1038,17,6081
2012,Cass,3164,10,6149,20,30487
2012,Castro,375,5,1100,14,7827
2012,Chambers,2527,7,3743,10,36319
2012,Cherokee,3687,7,7888,15,51124
2012,Childress,589,8,1088,15,7048
2012,Clay,973,9,1989,19,10555
2012,Cochran,282,9,471,15,3130
2012,Coke,130,4,862,26,3288
2012,Coleman,606,7,1986,23,8802
2012,Collin,25428,3,70271,8,830057
2012,Collingsworth,255,8,557,18,3060
2012,Colorado,1368,7,4175,20,20920
2012,Comal,7015,6,18755,16,115105
2012,Comanche,1157,8,3002,22,13771
2012,Concho,452,11,603,15,4087
2012,Cooke,2916,8,6448,17,38668
2012,Coryell,5692,7,5991,8,75967
2012,Cottle,125,8,380,25,1500
2012,Crane,315,7,553,12,4669
2012,Crockett,159,4,606,16,3774
2012,Crosby,564,9,1098,18,6097
2012,Culberson,235,10,398,17,2362
2012,Dallam,441,7,619,9,6765
2012,Dallas,123086,5,221964,9,2441092
2012,Dawson,1034,8,1972,14,13749
2012,Deaf Smith,987,5,2157,11,19069
2012,Delta,540,10,1107,21,5247
2012,Denton,30875,4,54002,8,704794
2012,DeWitt,1713,8,3834,19,20365
2012,Dickens,231,10,488,21,2345
2012,Dimmit,1220,12,1519,15,10267
2012,Donley,248,7,783,22,3582
2012,Duval,1679,14,2004,17,11794
2012,Eastland,1855,10,3810,21,18485
2012,Ector,11195,8,14610,10,145200
2012,Edwards,125,6,468,24,1988
2012,Ellis,10750,7,16659,11,155008
2012,El Paso,52419,6,87841,11,816533
2012,Erath,2356,6,5054,13,38485
2012,Falls,1864,11,2929,17,17595
2012,Fannin,3512,10,6055,18,34015
2012,Fayette,1363,5,5532,22,24802
2012,Fisher,252,6,905,23,3951
2012,Floyd,269,4,1152,18,6239
2012,Foard,247,19,324,25,1297
2012,Fort Bend,22595,4,51279,8,629845
2012,Franklin,1046,10,2027,19,10643
2012,Freestone,1576,8,3413,17,19813
2012,Frio,2092,12,2081,12,17726
2012,Gaines,939,5,1694,9,18371
2012,Galveston,19595,6,36007,12,303340
2012,Garza,816,13,717,11,6509
2012,Gillespie,1515,6,6839,27,25054
2012,Glasscock,34,3,189,15,1247
2012,Goliad,717,10,1499,21,7303
2012,Gonzales,1744,9,3198,16,20141
2012,Gray,1368,6,3608,16,22772
2012,Grayson,9238,8,20001,16,123056
2012,Gregg,10360,8,16971,14,122663
2012,Grimes,2202,8,3962,15,27048
2012,Guadalupe,9164,7,16956,12,138339
2012,Hale,2110,6,4427,12,35644
2012,Hall,158,5,777,23,3308
2012,Hamilton,664,8,2091,25,8441
2012,Hansford,353,6,815,14,5623
2012,Hardeman,463,11,795,20,4049
2012,Hardin,5236,10,7871,14,55104
2012,Harris,215378,5,364498,9,4264024
2012,Harrison,4731,7,9346,14,66193
2012,Hartley,265,4,803,13,6032
2012,Haskell,642,11,1262,21,5901
2012,Hays,9879,6,15913,9,170350
2012,Hemphill,228,6,529,13,3924
2012,Henderson,8022,10,15793,20,79101
2012,Hidalgo,57458,7,77170,10,793694
2012,Hill,3165,9,6682,19,35249
2012,Hockley,1440,6,3082,13,23197
2012,Hood,3498,7,11767,22,52621
2012,Hopkins,3007,8,5848,16,35550
2012,Houston,2864,12,4646,20,23460
2012,Howard,4451,12,4645,13,36031
2012,Hudspeth,416,12,529,15,3434
2012,Hunt,7748,9,12845,15,87702
2012,Hutchinson,1528,7,3254,15,21976
2012,Irion,58,4,307,20,1562
2012,Jack,990,11,1398,16,8990
2012,Jackson,1001,7,2427,17,14406
2012,Jasper,3408,10,6192,17,35708
2012,Jeff Davis,309,14,584,26,2255
2012,Jefferson,20221,8,32600,13,253540
2012,Jim Hogg,508,10,848,16,5248
2012,Jim Wells,4570,11,5668,14,41253
2012,Johnson,9717,6,19108,12,154957
2012,Jones,2245,11,2828,14,20070
2012,Karnes,1906,13,2122,14,14873
2012,Kaufman,7323,7,11876,11,107309
2012,Kendall,1909,5,6350,18,35529
2012,Kenedy,0,0,77,18,428
2012,Kent,54,7,220,27,802
2012,Kerr,3755,8,12628,25,50065
2012,Kimble,441,10,1111,24,4539
2012,King,37,13,41,14,286
2012,Kinney,317,9,880,25,3539
2012,Kleberg,2365,7,3868,12,31731
2012,Knox,341,9,812,22,3741
2012,Lamar,4877,10,8713,17,49856
2012,Lamb,750,5,2281,17,13723
2012,Lampasas,1578,8,3341,17,19910
2012,La Salle,1072,15,1001,14,7144
2012,Lavaca,1394,7,4153,21,19441
2012,Lee,1065,6,2772,16,16801
2012,Leon,1346,8,3747,22,16938
2012,Liberty,9057,12,9314,12,77429
2012,Limestone,2172,9,3911,17,23401
2012,Lipscomb,172,5,513,15,3363
2012,Live Oak,1087,9,2309,20,11583
2012,Llano,1610,8,6205,32,19321
2012,Loving,3,4,19,23,84
2012,Lubbock,21485,8,32540,11,285467
2012,Lynn,471,8,933,16,5796
2012,Madison,762,6,1970,14,13781
2012,Marion,1368,13,2373,23,10504
2012,Martin,426,9,657,13,5003
2012,Mason,268,7,1045,26,3973
2012,Matagorda,3101,8,5438,15,36778
2012,Maverick,4226,8,6152,11,55377
2012,McCulloch,656,8,1753,21,8328
2012,McLennan,16229,7,30463,13,238430
2012,McMullen,104,14,202,28,722
2012,Medina,3810,8,6732,14,46886
2012,Menard,271,12,618,28,2217
2012,Midland,10162,7,15296,11,144819
2012,Milam,2794,11,4521,18,24668
2012,Mills,228,5,1187,24,4896
2012,Mitchell,1041,11,1327,14,9493
2012,Montague,1627,8,4030,21,19597
2012,Montgomery,27082,6,53857,11,483845
2012,Moore,1187,5,2149,10,21819
2012,Morris,1717,13,2564,20,12835
2012,Motley,98,8,346,29,1204
2012,Nacogdoches,5269,8,8076,13,64067
2012,Navarro,4483,9,7265,15,47806
2012,Newton,1263,9,2445,17,14259
2012,Nolan,1242,8,2577,17,15261
2012,Nueces,33456,10,43258,12,348369
2012,Ochiltree,465,4,1084,10,10408
2012,Oldham,209,10,292,14,2087
2012,Orange,8859,11,12176,15,82680
2012,Palo Pinto,2304,8,4847,17,28036
2012,Panola,2564,11,3922,16,23967
2012,Parker,8852,7,16016,13,120311
2012,Parmer,433,4,1232,12,10023
2012,Pecos,847,5,1922,12,15743
2012,Polk,6353,14,8704,19,46009
2012,Potter,7923,7,13844,11,121542
2012,Presidio,852,12,1392,19,7331
2012,Rains,1040,9,2370,22,11001
2012,Randall,5912,5,16102,13,123484
2012,Reagan,131,4,400,11,3493
2012,Real,151,5,929,28,3320
2012,Red River,1554,12,2833,22,12827
2012,Reeves,1318,9,1738,12,14117
2012,Refugio,816,11,1530,21,7390
2012,Roberts,48,5,168,18,932
2012,Robertson,1508,9,2905,17,16641
2012,Rockwall,3142,4,8596,10,82800
2012,Runnels,505,5,2154,20,10568
2012,Rusk,4187,8,7817,15,53206
2012,Sabine,1092,10,2988,28,10651
2012,San Augustine,1260,14,2137,24,8755
2012,San Jacinto,2200,8,4958,18,26822
2012,San Patricio,5995,9,9007,14,65965
2012,San Saba,671,11,1244,21,6023
2012,Schleicher,176,5,488,15,3361
2012,Scurry,1141,7,2442,14,17171
2012,Shackelford,224,7,597,18,3350
2012,Shelby,2804,11,4077,16,25470
2012,Sherman,171,6,447,15,3047
2012,Smith,14283,7,31566,15,214859
2012,Somervell,626,7,1365,16,8601
2012,Starr,6273,10,6672,11,61813
2012,Stephens,730,8,1769,18,9584
2012,Sterling,52,4,213,18,1166
2012,Stonewall,62,4,384,26,1486
2012,Sutton,128,3,650,16,4134
2012,Swisher,522,7,1350,18,7708
2012,Tarrant,105200,6,177872,9,1874438
2012,Taylor,10525,8,17919,13,133187
2012,Terrell,55,6,231,23,990
2012,Terry,1183,9,1861,15,12716
2012,Throckmorton,127,8,402,25,1598
2012,Titus,3201,10,3964,12,32491
2012,Tom Green,7868,7,15947,14,112365
2012,Travis,54813,5,82871,8,1076898
2012,Trinity,1619,11,3387,23,14513
2012,Tyler,2385,11,4289,20,21650
2012,Upshur,4459,11,6521,16,39734
2012,Upton,266,8,543,16,3460
2012,Uvalde,2142,8,4099,15,26611
2012,Val Verde,2398,5,6323,13,48808
2012,Van Zandt,5212,10,10017,19,53121
2012,Victoria,7488,8,12374,14,88690
2012,Walker,4143,6,7493,11,68915
2012,Waller,2825,6,4863,11,44519
2012,Ward,911,8,1598,14,11094
2012,Washington,2281,7,6459,19,33927
2012,Webb,16790,7,20849,8,255096
2012,Wharton,2765,7,6222,15,41444
2012,Wheeler,260,5,1051,19,5482
2012,Wichita,9804,7,17839,14,131488
2012,Wilbarger,1297,10,2196,16,13381
2012,Willacy,2001,9,2694,12,22149
2012,Williamson,23596,5,43686,10,452627
2012,Wilson,3526,8,6073,14,44597
2012,Winkler,631,8,902,12,7448
2012,Wise,4917,8,8126,13,60447
2012,Wood,4370,10,10726,25,42643
2012,Yoakum,610,8,964,12,8077
2012,Young,1550,8,3535,19,18533
2012,Zapata,1337,9,1562,11,14124
2012,Zavala,1285,11,1469,12,11864
2012,Unknown,,,,,
2012,Out of State,,,,,
2012,None Specified,,,,,
